transaction_id,customer_id,amount,date
bd944f0d-8345-41d4-a946-7544deb6b120,CUST_0106,175.31,2025-08-25 17:52:14.923754
6409db14-e047-43e6-abc6-ca8ea935c394,,30.78,2026-02-09 08:31:14.923754
82362e5d-0f4b-4992-a6f9-16ac5f7a8352,CUST_0039,65.44,2025-11-19 19:02:14.923754
08830edd-09c4-43fa-bd99-1f40578865ee,CUST_0080,23.67,2025-09-13 16:46:14.923754
971fb030-270f-4d21-8eb8-1f5a7280efbd,,499.82,2026-04-10 08:47:14.923754
b0ee3c36-7db7-45b7-b34a-2c206c343197,CUST_0113,-40.61,2025-08-22 05:47:14.923754
583095d4-bec4-41a0-8c4b-0048eb92b3f5,CUST_0061,61.96,2025-09-22 20:16:14.923754
8ddaf732-60b9-4bea-89d3-be88d862c530,CUST_0137,27.44,2026-01-27 22:07:14.923754
d194ecac-d2dc-47b0-8161-7bb5c6b5de70,CUST_0006,351.19,2026-03-04 00:23:14.923754
378f29ff-c658-44a9-bbec-b987dac808f9,CUST_0109,360.18,2026-02-14 22:35:14.923754
a47214f5-618d-40c0-ab3b-cbb9c013dc93,CUST_0035,278.92,2026-03-24 20:07:14.923754
702a0a36-a0fe-4418-9fcd-fd1a73ea71d4,CUST_0039,142.09,2026-04-24 14:50:14.923754
952d0e61-b423-42e4-a56e-461c64ff4d64,CUST_0150,29.23,2025-07-12 07:51:14.923754
22376ff7-80cd-42e2-aa02-b0e40a16cdcc,CUST_0169,124.94,2025-11-18 13:38:14.923754
ae9497a1-756b-45cf-97f8-8891f0198b6c,CUST_0118,54.21,2025-11-20 13:14:14.923754
47b98713-3521-4603-9013-41648a86b014,CUST_0005,202.84,2026-05-13 21:15:14.923754
e8a5b8bc-75ff-4c52-b5e1-cdf9f598b922,CUST_0170,166.65,2026-03-30 01:00:14.923754
21c47736-9348-4cc7-8fac-3111372c51b9,CUST_0087,28.52,2026-03-17 04:44:14.923754
7bc0e468-e6f8-428c-bac0-db609e6feb67,CUST_0076,140.87,2026-04-08 04:41:14.923754
e1a55ccf-4ebb-456f-b86f-e8420017c7d1,CUST_0195,107.99,2025-08-11 12:13:14.923754
c74e1936-8c24-41d7-af03-191e10a64651,CUST_0158,3.41,2026-02-03 18:25:14.923754
744d9e3e-d5dd-4413-83ea-fb1c8d51cd5f,CUST_0057,121.62,2026-04-19 13:23:14.923754
3e654f4a-cf33-4f9d-9404-7e92cc3eadd0,CUST_0127,35.45,2026-02-02 12:58:14.923754
db879d70-35a7-446d-b79e-802c7b0c8427,CUST_0029,22.51,2025-12-06 14:59:14.923754
cc58cf27-c1d5-4615-a9aa-e686deeed55a,CUST_0165,23.49,2025-07-03 05:27:14.923754
2807ad49-faca-4fe7-ad96-db805928e578,CUST_0087,47.69,2025-05-16 04:17:14.923754
539e3816-8592-4308-874f-a7c29efe4468,CUST_0141,88.24,2025-08-28 02:17:14.923754
90f271b4-4c8f-4a6e-a168-10820c149b54,CUST_0160,13.94,2025-11-21 15:49:14.923754
f935fdf1-19cf-4831-923c-a9f6787d015d,CUST_0046,66.01,2025-06-26 23:33:14.923754
a5d4b64a-e4a9-478d-a411-b6564e2fb79b,CUST_0116,97.2,2026-02-08 13:38:14.923754
fe57ff88-b5a6-401e-8a17-33f35aa88c3b,CUST_0112,351.36,2025-12-15 05:44:14.923754
24b7af42-6748-45df-8757-0ae376659634,CUST_0151,18.6,2025-12-08 10:41:14.923754
1428418b-a9df-457c-b4f1-3572a5f4c234,CUST_0045,38.49,2025-07-06 21:49:14.923754
2acf3d4f-ce69-4026-9be4-d8957943a23b,CUST_0145,70.93,2025-12-17 11:04:14.923754
aa7ef1ec-b4be-451e-b1b2-49daef87c75f,CUST_0104,171.99,2025-10-18 13:08:14.923754
13d93a8b-176c-4eec-b336-e25bad97c542,CUST_0085,-40.28,2025-07-18 04:32:14.923754
2b8e8e6d-ffc5-4ad6-8550-5361d8177b88,CUST_0194,181.03,2026-04-22 23:07:14.923754
57ee2bdd-089a-4f12-a18b-43d106fc27ed,CUST_0134,7.87,2025-09-27 21:34:14.923754
434dae18-e69e-4597-9c0a-b50da99f4f92,CUST_0108,15.59,2025-08-03 05:58:14.923754
eef6a36a-8ef5-43e2-bba2-fa94d6f0f495,CUST_0018,77.37,2026-02-27 03:05:14.923754
f951ced4-efdb-4498-85d4-7865d6cf7c33,CUST_0094,13.32,2025-12-31 06:51:14.923754
d8a00711-c7b6-4c77-a78d-51a001c4a587,CUST_0150,16.87,2025-09-26 06:31:14.923754
58fe79f2-c7cc-446b-ba46-f390fef2e97f,CUST_0033,32.21,2026-02-05 23:56:14.923754
733b2395-d0ab-4ec5-b090-ad279b248e8d,CUST_0158,118.09,2025-07-01 20:46:14.923754
b58d3f72-132e-42b5-b887-e9414aea2515,CUST_0126,8.2,2025-07-15 22:00:14.923754
3a912344-fe96-4996-95d6-03e98f2eb8c3,CUST_0160,64.73,2025-08-21 10:03:14.923754
9b24f9b8-00aa-400b-9775-212e9bf93075,CUST_0170,153.39,2025-12-14 00:24:14.923754
5d9a76cf-fc97-449d-ae5c-f937f9416867,CUST_0122,44.93,2025-12-27 03:10:14.923754
7b5af3b5-44c0-4725-8dfe-ded87f074742,CUST_0138,37.76,2025-09-21 22:28:14.923754
8434da7b-b5bb-4033-8636-00cc6826773a,CUST_0115,81.6,2025-12-18 20:37:14.923754
ead51f64-2417-4d1c-8ee0-d05314ab94ab,CUST_0164,45.06,2026-05-08 06:38:14.923754
b8f2831c-f0a4-4531-a1ad-504a76df6f71,CUST_0162,219.31,2025-05-29 08:23:14.923754
221c5437-fb50-4d9a-8cab-a4b366b1174c,CUST_0028,17.97,2025-11-09 05:12:14.923754
52f1c5fa-38ff-408b-8162-b0d83e5dc81c,CUST_0011,51.85,2025-07-05 01:53:14.923754
fb417b74-f9b7-4261-9fb8-7e2276ec07cb,CUST_0167,67.07,2025-12-31 10:38:14.923754
cc096c8f-043a-46cb-9efe-b8c002849877,CUST_0047,37.4,2025-11-01 01:36:14.923754
73a65924-30be-4130-be7d-9906397b0080,CUST_0127,3.09,2025-10-21 05:22:14.923754
8a96ecae-1802-4a84-b7a8-94d57a9c0989,CUST_0147,46.48,2026-01-12 19:51:14.923754
9739568f-b36b-403d-8e2c-35a09e0468b0,CUST_0118,134.31,2025-07-19 08:08:14.923754
5538fb2b-7dd6-4baa-b021-5fc6592147df,CUST_0143,-118.88,2025-07-15 18:29:14.923754
b299b271-a222-438c-a08d-051a558493b2,,77.85,2026-02-22 10:07:14.923754
6ce49f35-f50a-434f-b147-37f34cfd1b59,CUST_0156,-18.21,2026-04-19 09:21:14.923754
5914b610-f5d3-410b-b781-f14407385c90,CUST_0152,81.07,2026-04-27 04:56:14.923754
666fab34-9b3d-4e6d-b458-31b1cab05b43,CUST_0072,30.77,2026-02-21 17:36:14.923754
10167341-51c7-4733-ad2a-54eff8f9a119,CUST_0107,77.75,2026-01-02 01:02:14.923754
e9746e66-014c-4cc4-9394-4482b7482ba2,CUST_0137,61.65,2025-11-28 05:50:14.923754
e43c1348-323e-4671-8383-b3159c0cc460,CUST_0175,20.57,2025-09-28 02:56:14.923754
a85c8781-76d7-4421-a45d-5a50ef796775,CUST_0033,22.37,2026-03-17 08:07:14.923754
ddf037fb-68bd-4219-8eb6-501b81aa5edc,CUST_0190,77.87,2025-10-13 13:22:14.923754
c2e79de1-e1c9-4fee-a19e-6761c0ea8139,CUST_0019,43.77,2025-10-21 22:04:14.923754
c211b1da-6c5f-4777-9d38-a614fe11d1f8,CUST_0195,23.56,2025-11-10 15:12:14.923754
e4ba2547-0721-4963-8655-df2fc059c7b3,CUST_0074,21.7,2025-07-05 10:02:14.923754
39b2ed1b-1cad-47ce-85ab-10f704ee679d,CUST_0168,40.29,2025-09-04 03:12:14.923754
13782d08-8b17-4de6-be4b-f65617c4a303,,261.94,2025-08-03 14:25:14.923754
5ec64a75-bfab-4f6a-9c71-313111e25c68,CUST_0193,32.26,2025-09-21 19:46:14.923754
0a6e6512-1efc-4373-8342-f071c1f3593f,CUST_0157,53.84,2025-12-23 22:24:14.923754
ff42288f-4700-4cab-b072-45e4244ccb78,CUST_0178,60.44,2025-09-17 00:16:14.923754
94410e36-2eba-4ac2-8ecc-1fc83f47d2ea,CUST_0098,17.62,2025-11-02 03:55:14.923754
b8215c05-8705-4026-b806-a2e11570c192,CUST_0141,9.37,2026-01-16 02:18:14.923754
b71f7c07-0b34-4dbd-a27b-3f4ee7e24b0d,CUST_0129,-19.56,2025-12-03 22:22:14.923754
fa7b1960-a116-4892-929f-b7b39ab92b53,,69.9,2026-01-24 03:47:14.923754
65b4a8a6-ba03-4ba6-a9ac-7d8684481043,CUST_0093,59.58,2026-04-04 17:57:14.923754
ee82cc05-280e-4039-a4db-032ce26cdf89,CUST_0176,110.21,2025-11-28 19:34:14.923754
9851a868-12b9-48dd-93bb-87e0f7241662,CUST_0048,60.14,2026-01-09 13:56:14.923754
1145cd6f-b2fe-4191-a5d7-3ef24fa227b9,CUST_0177,48.93,2025-12-01 03:39:14.923754
e4a90379-8ca9-42fa-b5b4-6ad5f2b4bac6,CUST_0064,29.84,2026-04-28 00:43:14.923754
e7e9ffef-c1fc-42d8-baf5-6c7eb42e82a0,CUST_0061,132.24,2026-01-21 01:42:14.923754
1bb6fd90-fd4c-412f-b6be-cb1ebdbc8579,CUST_0157,21.78,2026-04-25 00:42:14.923754
219013ab-3d36-49fe-bc01-0e54a048f6fc,CUST_0039,17.99,2025-10-09 05:15:14.923754
12cc46c2-80a6-4d35-81a4-95f27fef8a2d,CUST_0128,96.26,2025-09-19 04:41:14.923754
0a0b8e87-f947-48a8-b361-280f547f8660,CUST_0088,14.39,2026-05-08 22:34:14.923754
e8c0cdd9-c843-4f42-9a93-59872608f5f5,CUST_0026,610.81,2025-10-12 07:58:14.923754
001d276b-0773-4515-9eb8-d6db33460e59,CUST_0017,59.15,2026-02-01 13:49:14.923754
27e138f5-78df-427a-9218-3ed1f575433e,CUST_0071,77.32,2025-09-03 18:23:14.923754
08761295-b19d-4a42-823b-572e51b603f4,CUST_0013,24.33,2025-05-15 23:11:14.923754
2ff226f8-3284-4067-b17b-80ce02ab6e06,CUST_0069,39.83,2026-01-23 09:28:14.923754
7c1930bf-efa1-46b9-88d6-d7bf6ed14921,CUST_0026,35.63,2025-06-20 20:32:14.923754
ad56c6a6-01ef-4f38-b605-971f536cb870,CUST_0049,31.76,2026-01-02 00:42:14.923754
4bff6d63-9054-4a08-ae44-4038906fcb6b,CUST_0195,102.82,2026-03-14 13:26:14.923754
ad65a9dc-09b4-4dff-836f-7d3b8203e7c9,,34.83,2025-10-13 20:19:14.923754
27d294b6-d77d-4592-9a34-9c87e0392995,CUST_0058,151.03,2025-10-22 22:15:14.923754
b2ad917c-475d-4390-9b8b-1a781b6a29f3,CUST_0049,-783.04,2025-07-28 14:31:14.923754
6a46a4c1-ce64-4792-abf7-64c0e21e75f2,CUST_0103,40.63,2025-08-26 17:58:14.923754
080f741a-7051-4c35-8dd4-0221ba107b89,CUST_0053,63.58,2025-09-03 00:48:14.923754
ad56db15-fd7b-4995-9f27-a76ad008571f,,79.8,2026-04-28 16:09:14.923754
3d2ddc00-7b78-4d81-a02b-d398c35bbd45,CUST_0062,334.12,2026-04-17 00:17:14.923754
a3723e3b-b5e1-40d3-af97-73192fff08de,CUST_0017,50.27,2025-10-24 14:04:14.923754
f09ecc2b-2254-402f-9dc5-e26fa9d35b3f,CUST_0171,23.83,2025-10-22 01:56:14.923754
5be8cbb1-f74e-4c5d-89cd-2e9c073c5193,CUST_0025,-15.39,2026-02-15 13:43:14.923754
3fa36023-6fc9-4a2e-a6d9-e445c70d4b09,CUST_0131,51.52,2025-09-26 00:40:14.923754
411f3d83-3ad5-4074-b11d-a65ee882c459,CUST_0029,34.87,2025-09-18 23:11:14.923754
59515860-be0b-4ca9-9b12-c5de61424357,CUST_0117,407.49,2025-06-05 11:53:14.923754
2d9eaaca-fdb0-44fd-abd3-772f1bc8c048,CUST_0160,320.49,2025-06-21 04:08:14.923754
dcd3dbcf-675b-49ad-a978-112047e1c542,CUST_0026,19.41,2025-07-04 19:31:14.923754
d3a3b6c4-0061-4c42-a7b7-67dcf776426f,CUST_0124,26.82,2026-02-20 23:44:14.923754
7c91ddb1-e477-4776-8a11-0e428ce7a1b2,CUST_0144,58.78,2026-02-23 22:51:14.923754
0c1b0bb5-5f78-43f9-8275-7624a94041a7,CUST_0025,220.79,2026-03-27 13:42:14.923754
0a5a9c63-dcbe-4b02-8f3d-6156bc179455,CUST_0054,57.8,2025-05-18 01:12:14.923754
27f89208-a000-4203-b372-f8ab72604a75,CUST_0156,28.58,2025-05-31 09:51:14.923754
b0b6c5a7-2acd-485d-9f85-ea15f28c1eaa,CUST_0073,51.48,2025-10-19 12:16:14.923754
51267b69-699c-47df-b2a4-72389262f820,CUST_0120,29.12,2025-05-20 01:23:14.923754
563533a8-8a22-48ab-b444-4285e1b60a40,CUST_0056,99.73,2026-01-02 02:47:14.923754
78d8ed32-743c-4f68-ac13-393ec79aa897,CUST_0065,26.87,2026-04-28 15:09:14.923754
95143c71-c6ce-40f6-8590-d631117bb037,CUST_0093,32.77,2025-11-11 01:23:14.923754
9baac09d-ffee-4b10-883b-f446f329eda5,CUST_0086,174.5,2025-09-07 18:55:14.923754
0fc4959d-a12c-4f00-89c7-2a999bbf5e41,CUST_0080,25.32,2025-10-22 00:41:14.923754
e8388de5-7da1-4c0c-96cf-84e95a031754,CUST_0169,12.86,2026-02-19 07:54:14.923754
4ed13845-7cdb-42b7-9369-f3c65b2c4b8b,CUST_0108,60.04,2025-07-07 01:03:14.923754
f84dcd72-f3f1-45f2-bcb7-406ac6e5937e,CUST_0179,38.07,2025-11-04 22:13:14.923754
b2458662-53f4-4cb3-8f10-9749952f6891,CUST_0118,91.05,2026-02-26 12:45:14.923754
d71e6c0f-afed-4719-8c9a-ee4a729cc645,CUST_0199,75.0,2025-10-11 23:50:14.923754
142aa6a2-bca0-4bb6-8976-2f7fac3a0f13,CUST_0157,52.88,2026-02-11 05:56:14.923754
448cbe3f-659b-4235-ae8e-39b1cc3d7d38,,51.36,2026-03-09 20:11:14.923754
ed0aa4c6-4e54-43ee-b371-f8b587bc907f,CUST_0147,26.16,2025-06-22 08:18:14.923754
d4cfc876-5980-4311-933d-a446952aeed4,CUST_0194,59.34,2025-06-09 01:13:14.923754
fad8c4b0-2aa3-44b7-b1ea-45dc60432d10,CUST_0169,131.8,2025-05-27 05:20:14.923754
ec8c9f56-90aa-487b-a744-5c6390b68b62,CUST_0173,20.63,2025-06-19 10:43:14.923754
d51aadda-03d6-4ee4-bb87-a6ff427bb903,CUST_0015,54.3,2026-03-31 06:09:14.923754
53464fd6-624b-4a96-9184-2e1d5b026bf9,CUST_0131,154.22,2025-10-03 10:14:14.923754
0b45337c-b586-4b1b-b719-d4dd3d25096f,CUST_0139,90.51,2025-10-03 23:25:14.923754
fe8c8c3a-8d5d-4530-aad4-9a7a8372acce,CUST_0181,-202.24,2026-02-26 20:45:14.923754
b705678e-fb58-41e1-b104-06d5d6b58711,CUST_0174,30.93,2025-07-04 20:21:14.923754
6359b68a-0c60-4d6f-8bb5-ba5fdab4607d,,8.75,2025-07-11 20:12:14.923754
371b637a-4726-4c6d-a674-f57db365b924,CUST_0057,66.73,2025-11-10 07:29:14.923754
d742ec0f-37bc-44e7-b5d2-7c6e49087356,CUST_0146,78.46,2026-02-09 20:06:14.923754
c5c0ac1a-e096-470f-886b-fb157526f1ce,CUST_0179,214.52,2025-08-22 22:31:14.923754
4f9600e7-0a90-41f6-981c-1705e25e30d3,CUST_0128,179.14,2025-07-06 10:07:14.923754
14d2258c-4ed3-4c19-8cbb-6096bbc6cd35,CUST_0048,93.39,2025-05-19 04:27:14.923754
1b04b554-4333-4d3b-a5d1-a73898d4c038,CUST_0194,117.38,2026-01-31 10:55:14.923754
575c8165-a7ac-4421-bc45-ff8d92a9ec12,CUST_0136,45.07,2026-04-29 12:58:14.923754
d958877d-a254-4200-8883-c7d53aee16a0,CUST_0022,16.13,2026-03-21 06:15:14.923754
e4f65f09-1880-4a4f-a441-48b5381a20ea,CUST_0006,61.42,2025-10-05 11:13:14.923754
1adf65b1-eb80-445a-be7e-9cabd5fdcb63,CUST_0185,-145.85,2025-09-15 07:53:14.923754
4f0a0297-4d98-404f-8c38-7536f1d1d289,CUST_0104,105.25,2025-10-08 15:19:14.923754
c6226be2-b42f-4642-9c22-6759cb8825c0,CUST_0036,125.69,2026-03-29 16:51:14.923754
7cf6b5ec-f495-461e-9241-b18312bdc715,CUST_0079,35.6,2025-07-11 20:49:14.923754
dfd60508-762f-4ac1-8563-c2a810f0e1ca,,41.87,2025-12-29 18:46:14.923754
ea905f50-618d-42e9-aa26-406fac9dd1b6,CUST_0057,88.54,2025-09-18 06:35:14.923754
eafc8bdf-8352-416f-a6c6-bb561bb05ebc,CUST_0049,-31.61,2025-09-19 23:10:14.923754
3572e1f8-4090-4cb7-99c1-4126fad467c1,CUST_0173,32.6,2026-02-28 20:11:14.923754
38640ad7-ea4c-44d1-a548-3d0d755ca83d,CUST_0082,73.55,2025-08-11 06:08:14.923754
64de615f-9751-4454-93d8-7b19d68255e4,CUST_0066,116.85,2026-02-10 04:28:14.923754
726b6449-0228-412c-9886-2f5cbe76ef73,CUST_0077,-44.72,2026-02-16 20:26:14.923754
22b02bfe-ba43-4e08-8000-bd1ff9dc7ac2,CUST_0045,17.06,2025-07-29 14:14:14.923754
a23ee000-d404-46e0-baf8-f65b992bc48d,CUST_0079,26.16,2025-08-08 11:51:14.923754
79ab61a4-9b00-47f5-a5fb-90165970e4e8,CUST_0020,66.93,2025-07-22 13:12:14.923754
2c453903-8d4f-49ae-87af-8a25425f3dda,CUST_0192,66.12,2025-08-16 12:15:14.923754
aa7f492d-2fcd-42aa-9f9d-7f5db2a44368,CUST_0123,69.49,2025-12-04 13:49:14.923754
292fbec1-fa3f-4967-97a3-f63dd9cefadb,CUST_0067,91.95,2026-04-20 04:59:14.923754
ca118ed7-b7b9-4775-a89f-067dc898fc1f,CUST_0083,54.92,2026-02-27 02:46:14.923754
9baddba6-626d-42fb-850e-834f19b969be,CUST_0003,71.17,2026-01-19 08:17:14.923754
2aae45e7-d858-4ab5-bb22-319066aa10ca,CUST_0182,52.19,2026-04-04 01:57:14.923754
2df9271d-ee96-4b8d-b836-9c3223d88d2e,CUST_0064,172.21,2025-11-10 08:21:14.923754
b6f09361-bac8-40c0-be4f-b20093132b13,CUST_0040,228.68,2025-10-07 23:19:14.923754
a6ce35d0-51aa-4166-aa29-23bce36703cf,CUST_0059,16.63,2026-04-04 10:27:14.923754
52ce2ca6-be18-4952-94e9-61970ba0bcfb,CUST_0183,42.3,2025-05-30 21:39:14.923754
3968f6e9-9088-4ffd-ac53-deacefef7305,CUST_0062,56.41,2026-01-16 00:12:14.923754
5b4eba4e-46ec-4442-bfdf-bbaf12ce1091,CUST_0132,-41.81,2025-10-21 17:47:14.923754
bf2eb60f-f256-41ff-a89e-5419cff84c3e,CUST_0060,327.97,2025-11-08 01:23:14.923754
abd679ec-ee8d-4a12-9a98-03271d0f0a5b,CUST_0116,68.3,2025-06-15 23:14:14.923754
ba660df1-6e2b-4902-a6b6-6b29b917f428,CUST_0075,24.4,2025-08-23 09:26:14.923754
32bcc836-d569-40c6-b800-8e76bf4c1d23,CUST_0122,99.13,2025-07-17 23:03:14.923754
9511b0fb-91bc-4127-9598-33bd2f939de3,CUST_0107,71.59,2026-04-09 09:07:14.923754
1be70d99-0f00-47cf-97fc-2079f09093dc,CUST_0096,74.01,2026-02-23 10:35:14.923754
57f99180-5ccc-4e2c-a890-bb8694f5fbe8,CUST_0091,332.91,2025-08-17 11:25:14.923754
9a223e63-0c44-474c-9746-2ee2ab7b2e68,CUST_0158,77.54,2026-01-22 17:13:14.923754
5b8b7b7c-fbaf-4467-8cab-8d57b8a73acc,CUST_0130,40.3,2025-06-18 20:40:14.923754
e8ea504b-72d2-4841-9c7d-ef8d65f6548e,CUST_0062,-7.73,2025-08-12 05:52:14.923754
b1c4f82d-aa8a-47a6-b041-3b1f1a1f4c96,CUST_0049,46.27,2025-08-12 00:14:14.923754
296ab862-5c07-4772-992c-f9b346f397ee,CUST_0137,201.54,2025-08-27 04:27:14.923754
6621f673-346a-4c8a-8cfe-e58b9dfda930,CUST_0092,49.84,2026-03-24 19:13:14.923754
82f97f78-e70d-4816-8a08-6f7ce9a7d500,CUST_0159,5.81,2025-07-28 21:59:14.923754
6f5f360f-4a8c-41a8-bf39-e0d87d8ca1a2,CUST_0124,33.17,2025-12-17 19:20:14.923754
38d054e9-4d10-4968-a6ca-10345a5d0ce9,CUST_0061,-147.33,2025-10-25 08:00:14.923754
33ec3f02-70d4-4d77-8396-00a1c1137b88,CUST_0048,94.24,2025-11-22 01:12:14.923754
cca1a5d4-7ded-4f7c-a06b-746b7a699864,CUST_0153,23.57,2025-08-21 13:59:14.923754
1c42ec10-6ca4-4093-a1fb-4d4a920a160d,CUST_0164,31.02,2025-08-18 21:46:14.923754
0f54b4f6-d66e-4935-b673-457b9a7d8d70,CUST_0136,36.21,2025-11-20 02:35:14.923754
62a6d0fb-37fa-45dd-99ef-6295655326f0,CUST_0058,28.14,2025-11-13 10:46:14.923754
421e0ce6-f09a-47ff-919c-7611b4369d94,CUST_0101,7.17,2025-12-17 01:04:14.923754
f8fdca58-5914-4256-9bfc-13bae4ae654c,CUST_0112,-117.17,2026-02-24 15:12:14.923754
56204e63-4038-46e6-967b-759796cebb8e,CUST_0173,191.92,2025-07-15 18:11:14.923754
d3d1aa76-9c10-4efc-b9a6-7d4f24abd30f,CUST_0062,11.96,2025-12-17 19:36:14.923754
4cdfc8c6-1cfa-4d92-ab01-3a920fea4020,CUST_0039,189.4,2025-11-17 17:12:14.923754
fce3bb98-755e-43a0-875a-a2b4bc4a0eaf,CUST_0058,49.25,2025-08-22 10:04:14.923754
e286f275-ba79-4543-a251-3d4d51fd1a00,CUST_0099,185.89,2025-07-29 06:30:14.923754
425c530d-0269-49a4-92d1-5cccbc3e3a9d,CUST_0192,56.71,2026-02-22 11:54:14.923754
77f3fa3f-cbb0-48df-a462-491aa05e8012,CUST_0044,62.52,2025-07-05 17:21:14.923754
45a15acf-703e-4bc8-a4c6-03b6fe6473a4,CUST_0029,79.24,2025-10-05 18:28:14.923754
51764258-a579-496d-822f-e13f74788d89,CUST_0059,24.78,2025-08-21 09:48:14.923754
4ba30f65-4634-48f6-8de4-059987488c5a,CUST_0071,180.31,2025-07-06 20:39:14.923754
7081e681-8507-4d65-9017-55e85fd4cbd0,CUST_0092,17.79,2025-07-10 05:08:14.923754
ab9e96fa-2267-4de1-9134-d27177c56415,CUST_0009,-36.52,2025-11-11 08:21:14.923754
27ebabbc-8b26-4ac8-96cf-30ed4a4d3b40,CUST_0127,92.23,2025-12-23 02:58:14.923754
440b33f4-ac7a-4682-8a9a-ec350658f22e,CUST_0134,32.81,2025-12-15 08:34:14.923754
77283846-168f-4b77-9b5b-5eb22114b0da,CUST_0157,118.81,2025-10-07 12:35:14.923754
11e4f442-ffcf-48cb-a967-9e2f615d8083,CUST_0186,216.13,2025-05-23 08:21:14.923754
7521dcc6-2d63-49dd-8470-bce3b489f923,CUST_0145,150.29,2026-01-22 03:30:14.923754
9623c45b-4dd7-4d5f-bf1c-98e1584967c1,CUST_0144,7.88,2025-11-04 11:03:14.923754
826cbcd8-b2f1-4e31-8592-0e21977285ef,CUST_0131,61.92,2025-10-31 07:13:14.923754
e71f88dc-7198-4e2f-872a-82b4a3f99ad2,CUST_0021,152.73,2026-02-20 23:28:14.923754
a0b9033a-de8a-4087-8c34-d7044b8a58ca,CUST_0064,14.63,2025-06-12 03:01:14.923754
30ee42c2-d66f-451a-985d-cc18bba8afa5,,112.57,2026-04-18 06:11:14.923754
718c5d89-988d-4d2a-853a-81c06412cdec,CUST_0036,106.43,2026-05-13 22:45:14.923754
6a789ee2-d65a-4bf4-b60b-6a2c31333aa9,CUST_0062,16.25,2025-10-06 04:48:14.923754
e66f934b-f0fa-461d-a648-43e1b0692845,CUST_0170,125.74,2026-03-11 01:59:14.923754
03df9cf3-8776-402a-a7ce-d83cabbd74b0,CUST_0076,71.71,2025-07-23 17:07:14.923754
c01c7915-e0e8-47a2-937b-31167364bfd4,CUST_0170,104.62,2025-11-12 04:50:14.923754
59d53a8e-0f52-4b5f-8800-a05f72ccf927,CUST_0189,20.77,2025-12-02 17:02:14.923754
f347167a-b4b2-4b1f-a461-7f6d9e3cb067,CUST_0013,63.44,2025-09-17 01:08:14.923754
5f71da3c-9c1d-4e94-9b30-bed8b681abf7,CUST_0011,9.93,2025-10-02 15:51:14.923754
dca58562-7be5-4ce1-a114-2bcde29cf8b7,CUST_0054,5.6,2025-09-17 17:51:14.923754
f4b5a84f-100d-4764-ba86-1db7ae2d44f0,CUST_0016,62.85,2026-03-27 07:02:14.923754
362748da-f587-4478-9ed3-71fb38b191b0,,164.12,2025-05-15 00:36:14.923754
c54cfc88-75de-4e9c-9ee4-daefa3ce333c,CUST_0104,-70.31,2026-04-27 14:48:14.923754
79cf83b2-157e-4b3b-b8d9-668217f0024d,CUST_0059,51.24,2026-03-21 23:01:14.923754
afd83819-c035-4a96-bdfe-00a4f68f00a3,CUST_0057,45.26,2025-09-08 04:21:14.923754
6d954f2a-46e2-4fb9-8d09-3ea1bec09248,CUST_0040,21.27,2025-06-27 10:55:14.923754
1c8b71d4-09a2-4650-809e-70d7585651f2,CUST_0187,-43.73,2025-11-03 12:44:14.923754
bc87188f-495d-457d-b59f-30c00839cdbf,CUST_0130,83.24,2025-08-02 19:44:14.923754
a883f033-fc9b-4615-9544-8b9b7661d909,CUST_0094,35.33,2025-12-03 02:59:14.923754
0893cb52-d40e-4a82-8b36-3b6c6e1b830e,,115.65,2025-12-27 16:43:14.923754
a9aa4e1f-3f5f-4bda-8916-0c5854e5055a,CUST_0044,-66.42,2025-06-30 07:12:14.923754
d3d16215-b75f-47fb-8aaf-51b18d9538fc,CUST_0139,-74.96,2025-05-28 12:54:14.923754
64e087de-628e-4adb-8931-9a8da170cc7c,CUST_0080,132.78,2025-05-15 19:17:14.923754
8b7eae87-c623-433c-96f4-c2ce79c00fda,CUST_0081,32.24,2026-01-28 13:46:14.923754
e2bff033-0ad2-4205-a8d2-fc32a85bf21d,CUST_0002,105.57,2025-05-26 07:55:14.923754
60f59bfb-16a5-47a4-9892-461953f28f35,CUST_0178,37.1,2026-02-10 06:01:14.923754
5188ddcb-c894-492d-b90e-c279d18e2bbd,CUST_0140,76.67,2025-10-17 18:31:14.923754
25aa5a28-c875-45c1-8254-c7c17f62e0af,,28.62,2025-09-13 01:49:14.923754
bb5cf810-015b-4e17-ae14-04cb2e56f091,CUST_0090,21.96,2025-09-27 15:51:14.923754
5bc2ecd6-c3df-4e46-aad3-8e2565e14bb5,,-59.85,2025-12-20 03:04:14.923754
2e44cca9-6f14-42ff-9ce9-6ecb34d98e55,CUST_0146,8.29,2025-12-28 19:40:14.923754
67e60708-755c-4c39-8195-726a387c97fb,CUST_0062,40.6,2025-11-30 23:16:14.923754
1bb221df-f097-41a6-86ae-b0227826dbdf,CUST_0113,10.95,2025-12-12 10:51:14.923754
ec2825bc-30c0-4862-ba69-a4b9876cef3b,CUST_0128,119.01,2026-01-09 11:09:14.923754
25ace4b4-2208-4547-9682-25dbfef09a6e,CUST_0062,156.04,2025-06-18 03:41:14.923754
601a249d-f3de-4198-9368-0f7e17fbbcd4,CUST_0038,23.01,2026-01-25 03:10:14.923754
64ce4723-cb8c-4e44-9119-ab392cea2f7a,CUST_0195,83.79,2025-05-24 21:53:14.923754
7c3a1519-403b-472c-ad1f-f9dcb503a2cf,CUST_0166,134.17,2026-01-11 10:28:14.923754
2c95e111-67de-49f3-8866-0dc892cfbf59,CUST_0195,-134.62,2025-09-10 21:56:14.923754
305900ae-b73d-4443-a53c-a48edd44f5b5,CUST_0061,67.66,2025-07-18 15:55:14.923754
3a9660f1-a522-476e-9db1-f0a7aef27a2c,CUST_0129,113.78,2026-01-08 14:34:14.923754
6b315fcd-6514-421e-9ff7-9a5ebd915208,CUST_0173,-28.52,2026-04-20 20:22:14.923754
8b39548f-9fa9-4beb-9d62-242b2cfdb634,CUST_0156,59.33,2026-02-21 14:36:14.923754
1667f7bb-5e2d-47d6-980e-33f0d5c1ea20,CUST_0149,34.22,2025-08-20 06:58:14.923754
b133a4a6-c6f3-49fd-b20b-80f1891dbfa4,CUST_0122,26.21,2026-03-21 03:51:14.923754
6c7dd2c0-c076-449c-a437-b81149e7f4e6,CUST_0110,56.6,2025-11-27 03:01:14.923754
1af2ce63-ae77-4b4e-b932-625b846abdac,CUST_0013,77.29,2026-01-28 18:46:14.923754
5d4862eb-baf8-43d0-8377-5ab199713e47,CUST_0155,174.78,2025-07-06 02:33:14.923754
a78ea10c-0aaf-4fb8-b6b4-85027b1bd5e8,CUST_0100,71.18,2025-08-05 14:44:14.923754
9b273c01-1c48-4740-bf31-3e728aebf85d,CUST_0135,103.74,2025-07-31 07:09:14.923754
f49ce5ed-bdc4-4298-9117-3d62a8203780,CUST_0022,104.93,2025-05-15 17:08:14.923754
62364570-72cd-4230-9835-91f4006a5cdc,CUST_0074,802.34,2025-12-05 01:24:14.923754
d3e83de1-dac3-4cbc-b169-5a6b2c9b1778,CUST_0181,8.93,2026-02-25 23:51:14.923754
c3534eb6-f634-47d9-805d-e1e8ac067134,CUST_0132,27.44,2025-08-17 06:02:14.923754
2df4bb14-3392-4f41-819e-3ea6f12ae127,CUST_0023,-238.43,2025-10-15 00:17:14.923754
c7cf8c11-0c41-42b3-92d1-1cc1a793eb7b,CUST_0119,38.4,2025-09-09 01:22:14.923754
78678941-7f14-4f02-b8f9-8be3a00a9157,CUST_0070,132.4,2026-03-16 09:24:14.923754
1d23b12a-dbf2-4d0a-b06d-e323f2bb6ce7,CUST_0084,68.72,2025-07-07 09:28:14.923754
3cf045b1-a7b6-4c54-8c27-a32dca859607,CUST_0101,448.18,2025-12-22 15:11:14.923754
323a5cd4-ff4e-4891-9b09-64b8b0a9feb3,,17.94,2026-01-24 12:46:14.923754
b513879f-16da-46e2-a961-a72ae3592e55,CUST_0161,185.27,2025-12-07 02:44:14.923754
c4793660-08b2-4322-8276-42e3d1e13b89,CUST_0028,314.06,2025-07-19 09:14:14.923754
8ad0539f-8f16-4744-8fcd-77cad6b9f54a,CUST_0136,19.8,2025-08-25 04:23:14.923754
ca45ab7f-34cd-4597-ad30-288e9cbc8864,CUST_0001,119.45,2025-12-26 04:13:14.923754
a7490b1e-2cea-47cc-b4a3-88bf4ec5156b,CUST_0165,20.79,2025-08-20 15:53:14.923754
0f8733e4-6158-4003-9bf7-f904f4782159,CUST_0063,56.27,2026-04-14 16:57:14.923754
d90abdf7-d15b-4156-9bc1-8263dfb3a573,CUST_0022,42.24,2026-03-18 03:56:14.923754
c02bbe97-18fa-41a5-b107-e760297c5ff1,CUST_0070,-4.94,2026-04-14 21:05:14.923754
baf149b0-01db-4c55-a05e-9e070f7201d0,CUST_0125,83.45,2025-07-04 14:28:14.923754
ce39c803-9697-49a7-9a17-8954b4c46550,CUST_0149,63.01,2026-02-23 01:33:14.923754
cd5e7ece-b1ef-48db-9498-855bace15545,CUST_0096,239.63,2025-11-14 14:33:14.923754
08cef362-dc62-4a7b-baa4-3a6dbd22548c,CUST_0163,100.6,2026-02-11 17:47:14.923754
3c84a127-77a5-40ab-8a80-73bce4ba9e6e,CUST_0079,539.63,2025-07-21 23:29:14.923754
c995b56a-6518-4d3e-a8c6-8cb450b34f11,CUST_0005,60.77,2025-07-05 23:36:14.923754
ed738ce4-28ab-474f-bf0d-7080075d3bfe,CUST_0060,49.13,2025-09-17 09:06:14.923754
25136153-86b6-411e-ac3a-b61dc33d3afe,CUST_0120,45.41,2026-01-09 09:14:14.923754
33c1bed0-e0ba-4d5a-b270-9e49d928c328,CUST_0046,35.18,2025-09-02 21:18:14.923754
f26b5065-a82f-4a67-9c43-a38c42f54164,CUST_0178,6.0,2026-04-15 09:17:14.923754
1081f26f-77ba-488b-8294-33fea2755d16,,43.81,2025-05-22 02:03:14.923754
41d6fb54-ae4d-491a-bb8b-6562fa4074b8,CUST_0134,6.9,2025-11-14 00:55:14.923754
f59b47a7-83db-4a89-91ce-0e583dd41393,CUST_0056,85.8,2025-11-25 16:21:14.923754
de734549-dfa3-426c-85b3-041f0892fd3d,CUST_0110,15.8,2025-07-04 16:44:14.923754
03eb9de6-50a4-4118-869f-831873908e31,CUST_0187,22.32,2025-05-19 15:51:14.923754
ec655df8-defd-436a-b1f4-6a7a87fbb12f,CUST_0157,27.95,2025-10-31 19:44:14.923754
903e3901-3419-4aea-8b29-b59e5f000072,CUST_0199,44.48,2026-04-04 22:28:14.923754
ee5911f1-9105-4db7-8c57-185b57719440,CUST_0104,54.97,2026-01-02 09:49:14.923754
8a90aa8d-5398-484a-b626-fade2c46bc4a,CUST_0077,161.5,2025-06-29 00:12:14.923754
c7254226-aa40-492d-b076-aa1e9763f77e,CUST_0146,30.65,2025-07-31 10:50:14.923754
6cdbc90c-ff7d-4897-b450-b02f497cf182,CUST_0002,88.25,2025-07-26 13:20:14.923754
0a9709db-90cb-4fa1-b597-2e45600109af,CUST_0008,837.87,2025-12-14 13:19:14.923754
ad30e749-a1ac-4321-85ff-3c38e1579374,CUST_0075,79.63,2026-04-29 09:11:14.923754
91463021-1e3f-408b-bd04-4e20cc6a89f3,CUST_0182,45.58,2025-07-14 14:49:14.923754
9c8c4979-b6f2-4212-bde1-ec4b55125ad5,CUST_0125,25.05,2026-03-01 22:31:14.923754
d7b6da09-9865-4909-81bf-cf223b281a15,CUST_0038,44.96,2025-09-04 01:15:14.923754
5a2b239e-2c84-484f-918d-7d7568be4158,CUST_0176,22.51,2025-12-07 13:19:14.923754
9395739c-948f-4421-9bf1-6326ee3cd1da,CUST_0027,71.43,2025-12-14 11:49:14.923754
512ed6da-8f77-40c1-b77e-c612d310bf20,CUST_0020,60.55,2025-06-11 20:37:14.923754
20ad4748-28e3-4593-b77b-8119a1d59889,CUST_0140,6.28,2025-12-16 00:08:14.923754
638af964-991d-48d3-bcb6-6f230c5fcf5d,CUST_0043,53.59,2025-10-15 12:22:14.923754
6011c38a-2165-4791-b553-8a6a9f22dd12,CUST_0189,160.16,2026-03-22 16:30:14.923754
87eefcf3-d756-4282-8019-71efbef9d831,CUST_0031,36.63,2025-05-17 12:46:14.923754
2fb831d0-4dd6-4cc6-9b1b-0c277b8404b6,CUST_0091,28.42,2026-01-07 09:10:14.923754
7490974d-2ce3-4dcd-81e4-b16d1e09ff22,CUST_0061,13.77,2026-02-12 03:58:14.923754
0a15961a-657f-454d-bfd3-5c5347a0426c,CUST_0195,8.52,2025-05-29 21:00:14.923754
a562fa9e-313a-4485-b866-7cf258b483ad,CUST_0109,125.38,2025-06-11 08:02:14.923754
5f4d0d31-6b80-4e28-b999-9277934e92e7,CUST_0091,45.54,2026-02-11 04:45:14.923754
2e0c44dc-3b90-40c5-bdd2-b06e6c86db7c,CUST_0163,118.16,2025-09-17 09:48:14.923754
3df764ff-31d9-4dd8-8591-1b3c976d011a,CUST_0095,252.48,2025-10-06 10:43:14.923754
a12fbb1a-5bfd-4652-a31d-1af7ad2dab4a,CUST_0143,137.17,2025-06-08 01:33:14.923754
613684eb-0dd8-4f3b-a747-902de77afabc,CUST_0144,31.74,2025-07-20 07:08:14.923754
34772421-68d8-4b14-a811-6ff6fea3a2d3,CUST_0013,63.11,2025-10-07 12:59:14.923754
858d3bfc-9a16-4e2f-b151-48961934212a,CUST_0113,29.52,2025-09-02 19:57:14.923754
1e2036ec-a5a8-499d-99d0-161f1571553d,CUST_0035,26.89,2025-09-02 06:03:14.923754
bc9e243e-1b1d-4d88-acd4-5987674e4bde,CUST_0187,76.92,2026-01-05 17:05:14.923754
8c8f3bc4-b9ea-49b1-be31-b5c68f5f7ff8,CUST_0149,23.75,2025-08-23 04:15:14.923754
2713c0e1-1e11-46f5-a605-edc57f7f03ab,,5.99,2026-02-20 00:22:14.923754
00129976-aee8-42e1-b821-57c2f6cbe6d5,CUST_0158,22.46,2026-03-25 10:29:14.923754
994208dd-984b-46ac-b3d7-0cb61d4bb09d,CUST_0048,40.17,2025-12-28 23:16:14.923754
817510bc-df60-4761-87a1-7c6c5f0c216e,CUST_0035,249.98,2025-10-11 18:29:14.923754
69a3f09c-6e80-487d-a415-ed044b9016a1,CUST_0086,33.42,2025-07-23 21:11:14.923754
26941aee-0047-4740-b2df-26bdd0422970,,91.1,2025-05-18 08:53:14.923754
b44ec438-eb67-4719-9c67-b2fb5e5e4c30,CUST_0159,46.14,2025-08-17 22:18:14.923754
f2ac875b-0431-47ec-9797-62b989f09145,CUST_0152,-186.12,2025-09-28 20:26:14.923754
95b50f01-4382-494c-a41d-0a6713120031,CUST_0114,173.66,2026-01-12 06:00:14.923754
f34b1b63-d413-47b4-81f5-b0ca2e461e3b,CUST_0177,177.0,2025-06-19 21:54:14.923754
ec34a00d-71c4-4188-a472-52c9a6c2193f,CUST_0100,9.64,2025-05-19 23:43:14.923754
ce36a317-8d5d-4424-ad14-d12dd7547345,CUST_0160,67.14,2025-12-20 08:27:14.923754
f8e45ff7-c2b6-42ba-bdc2-518086efb220,CUST_0183,116.62,2026-04-14 04:17:14.923754
9e78c1b5-b36f-40f0-898e-3bb3df4c35c8,,79.96,2025-08-16 22:01:14.923754
69fe96a8-35ff-4ea3-82ba-5b49162b7407,CUST_0099,103.19,2025-07-14 23:38:14.923754
90cb2e22-e64d-4e18-9fa5-ac3f79350686,CUST_0003,-57.88,2025-12-03 05:49:14.923754
9d0d8c09-092d-4f9d-9f88-9817bc7151f8,CUST_0197,25.93,2025-11-03 09:28:14.923754
f5ed1af0-7157-422a-9911-390fa7ffd1c6,CUST_0085,10.0,2026-04-05 19:27:14.923754
f0a3fb98-13f2-4091-af79-3068e4149cb8,CUST_0125,28.63,2026-02-13 17:56:14.923754
b4363400-c80b-44e3-9fac-3e0c66c2587a,CUST_0138,794.82,2025-06-03 14:35:14.923754
7184509b-6254-4826-8900-5320145f3bed,CUST_0083,33.59,2025-06-29 22:49:14.923754
dfe14dbf-139c-4fdc-acf1-63ee34dbb18d,CUST_0025,7.7,2025-10-03 04:00:14.923754
2e919755-87ea-4bb7-b8c1-e2e68bb43bfa,CUST_0068,113.6,2025-09-30 01:36:14.923754
5e0570ba-c22c-4245-837b-03888b3196f0,CUST_0061,128.44,2026-01-27 22:29:14.923754
c5ad130a-3ae5-4b7a-819d-ac62c764ac66,CUST_0029,-197.81,2025-11-08 21:33:14.923754
5d15be53-fc1f-4f38-a2f2-981aabbfb9b2,CUST_0127,87.44,2026-01-30 20:33:14.923754
98a3a632-68f2-4ab0-ac0a-efbe4b7c1e91,CUST_0019,127.18,2025-11-01 23:36:14.923754
5e0e4e0e-01b4-459a-ad4b-0b202813fbe6,CUST_0171,343.85,2025-10-28 23:43:14.923754
9c68a75c-abb6-4db9-b1a6-97069561c9e3,CUST_0194,25.91,2026-03-31 02:32:14.923754
265919a5-2526-44f2-b701-e399bde8ee4d,CUST_0074,21.25,2026-02-11 06:34:14.923754
7b3362df-6b5e-452d-b2f7-f7a8d55512d8,CUST_0061,18.27,2025-06-21 20:58:14.923754
e5712e00-5e82-4015-a0a9-ae37a7f35def,CUST_0171,41.86,2025-08-16 14:28:14.923754
1496f625-d134-4296-868d-a4ff50f7c164,CUST_0153,228.93,2026-03-28 10:13:14.923754
bf7d18d9-1f4a-4ecc-9173-17a271434c7a,CUST_0020,-92.58,2026-04-13 19:19:14.923754
2b3d9c66-8c94-4388-82cb-4fc35f2c8c31,CUST_0048,89.0,2025-09-27 23:35:14.923754
3917fd33-1191-4f81-b929-0f5d6481db0f,,8.85,2025-06-17 23:03:14.923754
7313d5a8-de8a-45e4-aeae-e15beb580582,CUST_0152,27.3,2026-03-30 20:23:14.923754
0b54ca22-d9e2-4879-beaf-1749818c8f62,CUST_0139,8.71,2026-03-30 05:34:14.923754
11db1513-af89-45e2-8691-7637c040963f,CUST_0110,176.13,2026-05-10 02:37:14.923754
f8cff59b-32d5-46c5-beb1-7bf213c6c183,CUST_0183,266.57,2026-03-26 00:44:14.923754
1191c9e0-6722-4f4a-b576-df7c6d60f682,CUST_0028,-119.05,2025-10-26 02:42:14.923754
3349bc5a-fc33-49a4-bdda-def65b7eaf49,CUST_0197,20.35,2025-07-31 01:48:14.923754
4298bcb8-7c95-41d7-a078-290b1f71418f,CUST_0191,240.33,2026-01-06 07:48:14.923754
02312a30-7f0c-4552-aee1-661c8fe7c549,CUST_0059,42.38,2026-03-06 06:02:14.923754
d2ead64a-bab5-4cef-86fa-6c001593c0de,CUST_0133,16.21,2025-08-26 11:55:14.923754
78b24658-f9e5-4714-b30f-ac6c890779c5,CUST_0051,20.81,2025-11-09 03:56:14.923754
9b87508d-e740-4887-af09-e8d7b393a29b,CUST_0149,35.51,2025-06-06 12:56:14.923754
91cb34d7-73a8-4704-8234-c8f3e04da6cb,CUST_0012,57.37,2025-10-14 14:56:14.923754
194f5000-1d55-4811-9ec7-58e3c582611d,CUST_0050,46.46,2026-03-19 06:03:14.923754
a6687a29-4080-4e1a-a8ee-549fe6f79a9b,CUST_0132,13.29,2025-06-22 16:29:14.923754
95d69860-8679-485e-aca1-74a848b52f6c,CUST_0113,183.7,2025-09-25 00:30:14.923754
10414f0a-fcfe-4255-85ce-18a8e9979864,CUST_0170,46.96,2025-11-09 06:05:14.923754
855ff8ae-675a-4938-aa7e-617d95f9c939,CUST_0166,26.74,2025-05-29 12:52:14.923754
6b82dc5f-ad5e-44e9-b3c6-e1e968748ac2,CUST_0153,165.72,2026-02-27 17:53:14.923754
49d8e58f-2f3d-4bff-859e-3b7517a336fd,CUST_0014,16.72,2025-12-31 01:52:14.923754
de0c778f-f342-4391-ab18-d2091ed38823,CUST_0032,10.71,2025-06-20 23:00:14.923754
02c95c66-8c4f-4372-a2fe-112446177758,,194.9,2026-02-27 01:45:14.923754
c2a0f740-4edb-478c-ba10-c8f168c4778c,,361.91,2026-04-01 07:28:14.923754
47f79556-6b17-4417-a02b-c65c84f88c42,CUST_0146,-34.39,2025-09-14 07:56:14.923754
30648e4f-7bbb-4e1e-b73d-a483fb2c9687,CUST_0155,52.15,2025-09-09 03:36:14.923754
83233285-da8f-4a3d-95df-0db899fd3fd3,CUST_0055,17.35,2025-10-20 12:59:14.923754
8dc20915-0711-4581-8aeb-8b7da8280549,CUST_0182,-54.9,2026-05-14 22:15:14.923754
8cf2ca8a-eea7-499d-8474-56abbe4ac3ed,CUST_0120,33.93,2025-11-14 12:52:14.923754
fdcd33bc-8a52-4202-9a42-2f06ea1b36e9,CUST_0075,49.3,2025-09-27 02:52:14.923754
378ec84b-1083-41d3-9888-951a713c8814,CUST_0021,82.21,2025-06-30 01:35:14.923754
e7d2009f-04e0-4f3d-a850-0806ef85c24e,CUST_0172,-18.21,2025-11-02 23:50:14.923754
9c919c8a-502e-4528-8936-9277acee5e6d,CUST_0133,38.02,2025-08-17 17:14:14.923754
ad54c042-5f15-4c20-b730-65be6e8e702a,CUST_0087,8.99,2026-03-02 08:50:14.923754
09149767-dd4c-4021-9fb9-1340e49c7a3d,CUST_0169,-38.28,2025-07-22 17:34:14.923754
f89e7e5f-0623-4f29-9f22-e7dd309a643d,CUST_0059,49.73,2026-01-23 08:03:14.923754
2697762d-1f61-4dc7-bfbb-dbd2976e0e34,CUST_0089,68.65,2025-06-21 03:31:14.923754
6dd892ec-6713-4f8a-a865-f466d2b9ccbc,CUST_0182,69.38,2025-06-06 12:49:14.923754
2fd51c62-1461-481e-9d07-2040146f0372,CUST_0150,134.82,2026-03-12 08:35:14.923754
24d83823-73b1-4513-8248-d168ef3f797a,CUST_0083,11.71,2025-12-18 11:03:14.923754
c7617465-0ed8-4cb1-96ef-8c934765f35b,CUST_0065,-12.35,2025-12-09 23:10:14.923754
99782221-787a-4468-9aaf-4845f92f7a4b,,92.66,2025-08-26 08:35:14.923754
17f8871b-ebf0-442d-a9c0-6620c654a29a,CUST_0071,7.11,2026-05-05 13:27:14.923754
a5127921-0074-4c27-94e1-4fb39337e39e,CUST_0004,65.58,2025-09-24 22:00:14.923754
aad6eb91-71fa-41bf-9029-1845387636cb,CUST_0193,16.77,2026-04-07 08:12:14.923754
69fd00e2-b6c7-4da1-a862-fc9e9f3d6b1d,CUST_0143,263.17,2025-08-14 07:17:14.923754
c816e9df-b3a7-4628-a78d-7b2b6f5a7759,CUST_0104,70.14,2025-07-04 12:03:14.923754
2dc871f1-430f-4033-b209-3bcdb00b0d39,CUST_0150,43.85,2026-03-07 19:34:14.923754
fa59853e-0548-4fbc-812c-f8f02c86ea3e,CUST_0175,186.37,2026-01-26 12:00:14.923754
bafed4ff-7661-43b5-8235-6ddc8b022558,CUST_0093,18.85,2026-04-25 11:59:14.923754
2448cd62-e262-4e9e-86d5-065bcb7cefa9,CUST_0174,22.8,2025-11-12 21:20:14.923754
118d03dc-c3f4-488c-9074-65d78268e03e,CUST_0142,15.46,2025-05-15 20:18:14.923754
02feb3a4-df0d-4ac8-a62d-67433c73813d,CUST_0178,22.99,2025-10-10 12:32:14.923754
2b2bde5c-ccab-4ec0-b969-42491adac5d5,CUST_0148,58.04,2026-03-19 06:33:14.923754
3c3a9207-eec1-4602-8d49-ecd5c22c2776,CUST_0178,89.47,2026-03-23 18:49:14.923754
4471ad8c-0d2e-4d9f-ae5c-373218055e1e,CUST_0112,142.8,2026-03-01 17:48:14.923754
67ffdb29-a30e-4b9c-8b6d-e6ee30950128,CUST_0161,8.8,2025-08-12 09:01:14.923754
c3a0f75e-d87a-4d46-aa11-cc3fe36a1794,CUST_0119,45.98,2025-12-09 23:50:14.923754
6af3cdef-8022-4680-9173-1f64eb4e3765,CUST_0059,-18.03,2025-05-31 09:22:14.923754
be4754e7-f903-4bdb-b552-4b57a4ad1afb,CUST_0043,44.47,2026-05-13 17:17:14.923754
d2110aa5-a19b-4a28-b6ce-95f76c93535d,CUST_0012,563.5,2025-10-13 05:15:14.923754
f9980155-4f45-490d-ae1a-caf0b5d23cfc,CUST_0040,73.1,2025-11-28 18:47:14.923754
a5963456-212d-42cb-a04c-b8596343599b,CUST_0118,134.22,2025-10-22 14:52:14.923754
90388a09-98eb-4f7e-8e79-1cf15486beb8,CUST_0020,387.88,2025-07-16 08:45:14.923754
2e9f97e7-0872-469d-a67c-015b336a4a08,CUST_0166,168.57,2025-10-15 15:44:14.923754
3495539b-401b-4fee-878f-31bc16a067eb,CUST_0131,34.89,2025-07-02 04:40:14.923754
6e98d946-0695-47b4-8b4b-715336c3dac0,CUST_0156,15.24,2025-08-06 07:12:14.923754
268a9cea-23d0-44bd-bda3-e2deadb1e457,CUST_0184,52.98,2025-10-09 19:45:14.923754
1f3d1986-e7af-4a20-9b16-ebd557e7213c,CUST_0090,30.95,2025-07-16 06:12:14.923754
4a498c12-c2c4-483e-82fc-c0389d1bed00,CUST_0094,11.89,2026-04-05 22:55:14.923754
b45fa95b-cb7b-4bc1-a43e-320faae0dbed,CUST_0013,69.47,2025-10-02 21:14:14.923754
061e15a1-3dba-46f8-9eda-964ca8d511c4,CUST_0066,-71.23,2025-12-11 15:08:14.923754
880ca172-a697-460d-8957-3a17be6a144d,CUST_0037,320.25,2026-02-24 14:03:14.923754
448617d7-90a9-4510-8f57-69179b8c9ed8,CUST_0177,38.02,2025-06-02 15:24:14.923754
975fc4b0-45a1-4a2b-bd74-7e99e3c9bc25,CUST_0066,72.25,2025-07-31 17:10:14.923754
d5c4df54-bd45-4106-b03e-fb7da73ebd85,CUST_0036,28.06,2025-11-24 19:51:14.923754
3fe298dd-1517-4076-9d83-e9e38a462572,CUST_0182,130.73,2025-09-04 15:53:14.923754
f4a9dfe3-c1a7-4fcf-b986-2d482ccf821b,CUST_0026,48.2,2025-10-27 16:27:14.923754
537b5c02-b503-4e54-b2b2-77876adb656a,CUST_0075,16.9,2026-02-02 21:02:14.923754
5a76eb73-19b0-4dfc-a2c1-92bdb30549ba,CUST_0200,53.87,2025-09-22 07:33:14.923754
d048bf2f-abe5-421a-a409-b56e89b6cd46,CUST_0108,80.68,2025-10-22 22:46:14.923754
3bf1c2fb-8d94-4df9-909c-505174164f00,CUST_0168,70.48,2025-07-08 15:30:14.923754
0874fd9b-0f05-41a7-87ac-7d78ed0f83da,CUST_0043,155.38,2026-04-28 05:24:14.923754
7464d676-ba9c-4ccb-92c3-bcae4849c19b,CUST_0150,12.83,2026-03-23 20:26:14.923754
b9b3f529-4bae-4a57-8f02-5433328b1db5,CUST_0148,23.51,2026-01-24 06:17:14.923754
1a292b69-cca6-445e-95d9-2357dde68d5e,CUST_0008,103.52,2026-01-18 13:00:14.923754
50c4c152-a4c5-4c57-82ef-346c541c8ebe,CUST_0029,26.44,2025-07-20 16:56:14.923754
315deab4-8623-4fd1-ae5c-9728e4573c99,CUST_0040,69.44,2025-08-14 12:31:14.923754
614b7204-3977-435d-b2f6-e05f874c10b4,CUST_0158,-4.86,2026-03-01 21:37:14.923754
854a3abe-ab90-48f7-a8f4-cf63578d4517,CUST_0128,825.46,2026-02-26 22:09:14.923754
fd8b49e5-ad1d-4c6a-8502-63b1169d1d0b,CUST_0084,41.69,2025-10-26 19:44:14.923754
109a5496-1c7b-4ed0-a70a-c54aa658c592,CUST_0116,180.18,2025-12-23 21:11:14.923754
786d93be-3671-45db-b7f5-13a5d8cac5e1,CUST_0183,38.98,2025-05-21 07:30:14.923754
95dcea2c-8fd3-4e1c-81b7-bb7f523c69c7,CUST_0144,82.66,2025-10-22 20:44:14.923754
bc81ebdf-eb30-4958-871e-9ef87cd03406,CUST_0174,242.72,2025-10-08 13:42:14.923754
1e7ac4ae-60e2-4785-b694-3f66ac3279d3,CUST_0062,175.18,2025-06-19 15:25:14.923754
7e5f0180-817f-4351-b5c7-b7440d39fff5,CUST_0007,44.5,2026-03-13 02:43:14.923754
d4da4cc0-323a-42f9-b88f-e4205bf78fd9,CUST_0045,47.69,2025-05-25 07:25:14.923754
a6f8e37f-6d78-4faf-8f2d-5782d0a24395,CUST_0187,148.94,2025-11-25 21:18:14.923754
6fc5c35a-9163-49b5-a7cf-6b31b75b4587,CUST_0184,562.98,2025-06-03 03:00:14.923754
eb2ecedb-cd2b-4509-8dd5-28d9bc279cd6,CUST_0176,66.17,2026-01-25 06:57:14.923754
f61ba162-ddb2-40f2-b1ad-ea1466133e63,CUST_0155,-386.47,2025-07-06 09:58:14.923754
b90d3f84-27c2-4f04-9285-38b8f6874a86,CUST_0181,42.89,2026-04-21 09:47:14.923754
293fe1e9-05f4-45af-92f8-8e5a5f066870,CUST_0088,141.45,2025-08-03 07:53:14.923754
d59dfbd5-6e26-4dd6-81ec-144e2ad6b67f,CUST_0073,164.21,2025-09-11 11:46:14.923754
f655d0d3-6094-4212-870e-fae8a7c2d682,CUST_0163,36.24,2025-09-19 15:13:14.923754
a301b262-3bc5-48a8-b33b-e7f2cecae308,CUST_0179,25.87,2025-09-06 14:37:14.923754
cb62f5fc-6885-43fd-8ede-9a4b041d1e9a,CUST_0037,-171.64,2025-05-23 05:25:14.923754
58828e3a-5578-4e84-bd93-311cf66f9a9c,CUST_0119,32.09,2026-01-06 04:32:14.923754
65dbbd35-d121-4e13-b7a9-2e47d4ed8080,CUST_0057,22.32,2026-01-15 20:06:14.923754
4a4be642-7516-4ac7-beb1-5addc1ff67e3,,27.55,2025-05-18 10:57:14.923754
4533ce9f-5c4b-42b2-9cb5-cbcc08e08d42,CUST_0095,31.96,2025-12-15 02:34:14.923754
eba1c35d-8a59-4a1c-8762-dead245309a3,CUST_0117,128.59,2026-04-05 15:44:14.923754
b330ba3e-f250-444a-806e-fd67e34b0985,,91.38,2025-06-25 02:04:14.923754
1d961aa7-6611-450e-9016-edec2edde7e6,CUST_0020,111.68,2025-06-17 15:00:14.923754
b11bdace-7e80-4da7-b130-fc5782f52328,CUST_0124,83.21,2025-10-14 04:21:14.923754
0692de9c-3b51-4b59-a540-d9761f602ace,CUST_0053,30.15,2025-07-29 21:16:14.923754
ebcc9af9-b3dc-4b09-8041-02d21e029bee,CUST_0119,-109.63,2026-05-11 19:44:14.923754
4e80badc-4c69-42ca-9980-7a4dea62d54d,CUST_0012,178.12,2025-06-10 03:50:14.923754
4f881f78-56ab-4604-a1cb-f25aba0d500f,CUST_0177,97.95,2025-10-28 23:35:14.923754
2478b919-1589-4698-a4d2-1b231826298e,,85.6,2026-01-06 18:30:14.923754
964bea90-57f3-44c8-8c91-9f6d9c6f8be9,CUST_0064,25.35,2025-11-03 14:49:14.923754
b5253655-10eb-431d-b455-111d9704831d,CUST_0042,67.48,2025-11-20 11:25:14.923754
a1692a00-4fcb-41a0-8dd4-e10a7e1767c5,CUST_0094,24.04,2026-03-20 08:24:14.923754
f3f0cd94-273e-487b-8a4b-a3abf314bda8,CUST_0157,53.3,2026-03-17 18:59:14.923754
8b793c83-4f69-43d5-ba0b-ddc45d225fbb,CUST_0147,10.59,2026-02-20 18:34:14.923754
2e4ebb85-19b7-4d4b-8973-a1e43355b252,CUST_0011,10.67,2026-03-06 08:59:14.923754
e0bf1758-5018-49fd-a000-8ee18d0c94bf,CUST_0098,45.1,2025-09-04 05:03:14.923754
bf7c7fc7-5283-4768-a286-38bd3922af5b,CUST_0178,31.55,2025-12-27 19:57:14.923754
440d98e9-596e-4a14-95f5-872ac9fb656c,CUST_0071,60.75,2025-07-08 12:47:14.923754
16be4483-cebf-4903-9a18-627ceb79c90d,CUST_0108,47.71,2026-01-15 19:28:14.923754
2a1f6975-0076-4cef-9d82-609e226ad950,CUST_0058,56.27,2026-03-21 23:21:14.923754
26f4d0dd-d4a4-4e47-b058-01c5eaf41281,CUST_0034,-100.34,2025-06-19 12:43:14.923754
14c9bb7b-b745-466c-a176-f43987647121,CUST_0020,34.35,2025-12-27 18:06:14.923754
a4fd618f-e87e-45a1-b054-ae0daee647c0,CUST_0050,43.84,2026-04-16 11:06:14.923754
1c479cbc-3084-4de2-994a-ac5cbb2a7766,,-233.93,2025-12-01 00:16:14.923754
cebd0ec1-8912-4db1-83fd-5f5d44b762d9,CUST_0138,54.77,2025-07-26 07:03:14.923754
dc762f93-82e9-4b90-9603-5ce0a5f010bc,CUST_0160,45.64,2025-05-30 22:48:14.923754
da2763ba-2459-4cdf-853c-95e497223ed7,CUST_0052,59.29,2025-07-14 09:03:14.923754
4cfebf72-7b90-4bb8-a3fb-68cb14e19822,CUST_0015,-46.46,2025-06-25 04:58:14.923754
b484308b-26fb-4144-a9e7-6048d10e3411,CUST_0084,26.85,2025-09-22 16:00:14.923754
b39ed8aa-a6c4-42b8-84ed-c0a7135a4ead,CUST_0131,20.13,2025-08-30 10:14:14.923754
265ac327-2522-4d69-a626-b50aab47ee29,CUST_0037,25.45,2025-08-23 23:35:14.923754
2704a733-de53-42e7-8898-d7d5eef5088a,CUST_0126,130.7,2026-02-13 03:07:14.923754
5b414abe-3c4e-4925-8683-d696c07a5e55,CUST_0040,-29.08,2026-03-15 14:33:14.923754
0e6a8069-6547-46d9-b755-4fb3f4b5aa09,CUST_0072,46.76,2025-07-10 21:12:14.923754
1c7fd2ee-5f03-42f4-8b34-bdc87c420bd6,CUST_0040,110.03,2026-03-13 09:39:14.923754
2df345b4-4bcd-4246-8085-3fc52abb24ac,CUST_0056,41.33,2025-12-16 16:31:14.923754
cbbc1e2f-2f49-4ae9-a739-30cb3998edd2,CUST_0151,-102.86,2025-10-10 14:46:14.923754
8ca15753-a5bb-40fe-b8cb-75555ba814c9,CUST_0104,11.7,2025-11-28 05:48:14.923754
8108fd63-84ac-47ef-b460-97b6ef8ba8af,CUST_0139,47.82,2025-08-11 09:38:14.923754
3bb4709e-7b3f-4783-a176-da80c5fdc916,CUST_0110,-59.08,2025-07-12 07:08:14.923754
16676796-ace6-4ce8-b2a6-a5589e8cece8,CUST_0192,55.88,2025-06-09 12:55:14.923754
8507441e-bfa3-42f5-b7c1-eda95662d698,CUST_0136,10.46,2026-02-04 13:30:14.923754
15842adb-7c9a-4cd1-af4f-5cc6da7aafe7,CUST_0093,181.84,2026-02-20 18:45:14.923754
717a679e-b159-4ebc-b465-1b6dabe994ba,CUST_0094,23.23,2026-01-19 04:37:14.923754
8b270885-7a96-4ff6-8ad4-8d7f7a8518f4,CUST_0056,76.33,2026-04-14 18:30:14.923754
93f0cddf-cafc-436d-a989-92a17b50658e,CUST_0060,55.03,2025-09-28 17:11:14.923754
c65a1548-f0bd-4a7f-8ac1-8a66a2890f9b,CUST_0138,148.96,2026-04-07 16:22:14.923754
07037f00-8d97-42e3-8be6-64e61c14f8db,CUST_0039,486.62,2025-12-15 15:54:14.923754
9c9adec2-ba2f-4723-a6ff-46625b4b86f4,CUST_0028,15.02,2025-08-25 14:37:14.923754
5a2afdfe-bbaf-4403-83fa-8f76d9ffc9c6,CUST_0049,28.53,2025-10-20 21:58:14.923754
41ca3ba4-b090-4238-acd2-1da9f4d55d3e,CUST_0164,65.96,2025-08-30 10:57:14.923754
9834fe8a-51b2-4883-a264-dc7a82666a77,CUST_0125,18.08,2025-09-22 03:06:14.923754
e662319b-6a17-4e85-8302-b99fa60fe75b,CUST_0013,119.36,2025-11-13 21:07:14.923754
74102361-54fb-4c10-bbbc-80a77645bb19,CUST_0036,-126.9,2025-06-22 13:19:14.923754
37c3f560-dac6-406f-a59e-fcd7baf6fcad,CUST_0101,95.53,2025-05-18 19:48:14.923754
86ba187e-3378-4271-aa21-da761e19d234,CUST_0026,69.17,2025-12-09 22:39:14.923754
7905113e-11f5-4331-b9f4-dcce46aa7d77,CUST_0086,214.8,2025-08-30 00:18:14.923754
c1b9f1ff-a46a-4428-8d44-d650fbefb1c6,CUST_0004,-17.19,2025-12-27 07:57:14.923754
fb32e29a-45e7-41e1-933c-56b5d5bdf73b,CUST_0082,58.28,2026-01-20 20:36:14.923754
635f5d8d-f4b1-4882-a5ac-b29a325a47a9,CUST_0192,26.08,2025-10-02 15:55:14.923754
618d8cd5-967b-49a8-ad91-cc78483961d6,CUST_0166,132.94,2025-08-18 01:22:14.923754
57e21bf9-98d7-4f09-ade2-254da7105a1a,CUST_0127,8.73,2025-06-22 12:15:14.923754
b6c1d07d-bc5e-4cca-8442-bd5c526885e3,CUST_0088,53.09,2025-06-12 14:52:14.923754
51cbf6c6-5b64-47fb-b6d6-e632fb1fe38d,CUST_0127,76.34,2026-03-28 19:07:14.923754
ec1c334f-04d2-4dd8-b0ec-f12c56d9f9f9,CUST_0120,21.17,2025-11-15 14:19:14.923754
d64e4c94-ec17-4247-98ad-c79b5fb998e1,,29.19,2026-01-05 13:20:14.923754
def347a2-2662-4da9-b438-f0d638f80e87,CUST_0130,55.44,2026-02-04 04:43:14.923754
ef5cb71a-90ca-4e7e-875a-00679a2eca56,CUST_0031,-141.9,2025-07-18 14:26:14.923754
c5194d3d-3588-4fe6-b158-468b21002d51,CUST_0119,19.44,2025-10-03 21:53:14.923754
72ae4890-b87c-47dd-8c55-47c75bd18039,CUST_0011,23.14,2026-04-03 16:00:14.923754
2d889392-9212-4f22-b26d-a1cca2df1af2,CUST_0046,168.27,2025-10-14 13:24:14.923754
6c589c6e-9e8d-4b26-abaf-23536288df31,CUST_0096,41.56,2025-07-26 13:12:14.923754
7c8b4d0e-9000-4ea0-a890-43f70099e298,CUST_0190,25.09,2026-04-23 01:35:14.923754
770db95f-2ec4-4036-a051-771f5aa02576,CUST_0197,-113.15,2025-11-17 03:00:14.923754
ad07bced-a2f0-4b7f-807b-c97127709135,CUST_0192,33.51,2025-11-28 05:19:14.923754
99af6c33-7d80-47b3-af59-576ccb991985,CUST_0010,152.54,2026-03-29 11:47:14.923754
d99a62fb-1be0-4eb9-b194-c934d49b7db1,CUST_0168,28.11,2025-05-25 10:57:14.923754
1c19f3fe-6e04-4c95-9d40-8f7150a1ae9e,CUST_0128,46.54,2025-10-14 05:15:14.923754
532d7771-f0d1-4501-aa6a-4ad5266ea265,CUST_0152,140.47,2026-01-29 05:43:14.923754
d39d2622-2aff-48fe-8aca-75f4fff98bc0,CUST_0099,43.54,2026-04-28 20:16:14.923754
52e85dcf-5f67-4343-8347-169a6f45072d,CUST_0172,116.29,2026-01-12 11:09:14.923754
41108350-a554-4387-a63b-4637199c3372,CUST_0112,-51.13,2026-04-09 08:57:14.923754
0853a59d-0e38-40c8-a5d1-17371b5017eb,CUST_0060,396.11,2026-03-23 07:12:14.923754
6b0d9f1e-5571-47f2-92aa-25b19d0ace68,CUST_0190,262.11,2026-01-28 21:29:14.923754
d7b6e585-a0be-481f-9fd9-85913d0794da,CUST_0087,14.47,2025-05-19 03:17:14.923754
c6960998-e833-4f61-9dd7-ad52659da4ea,CUST_0145,92.04,2025-06-30 21:12:14.923754
fe967b08-5fcf-405a-8b26-765fdea5747d,,24.13,2025-05-23 00:43:14.923754
034c4733-0b5a-47e6-ad6a-9828f077463d,CUST_0057,66.12,2026-01-10 07:58:14.923754
c21baa34-1e6a-40bf-8c41-afe9baa62064,CUST_0183,58.46,2025-11-08 15:40:14.923754
57c8f262-a112-4135-a491-91851723d489,CUST_0106,19.0,2025-12-16 00:55:14.923754
39b05c22-af8e-4d14-8dea-fda445efce1a,,157.35,2025-12-27 03:36:14.923754
b7d4c87c-5d18-4bed-a64e-5e5f7c2b123c,CUST_0184,66.91,2025-09-11 12:48:14.923754
ca96084c-f7a4-4027-8cbe-5a4619d50091,CUST_0009,41.07,2026-04-08 01:37:14.923754
dc17674d-2742-49f1-9151-0727bbf008a8,CUST_0022,35.23,2026-05-05 23:34:14.923754
80ef882a-8f57-4221-9b1c-22b0a683d602,CUST_0141,62.79,2025-08-27 21:26:14.923754
a1239736-54a3-431e-bc5c-da16a9973ff5,CUST_0089,82.1,2025-09-14 06:26:14.923754
472c265b-33cd-444e-98d3-069e959e6028,CUST_0176,-48.18,2025-12-26 10:05:14.923754
9c71fc83-26f4-465a-b2ee-371dd9379f8e,CUST_0018,-3.21,2025-05-23 13:03:14.923754
4a76e71e-acee-4dce-96a2-d3b6f91c791d,CUST_0115,55.53,2025-06-08 02:34:14.923754
d722e653-6735-4d04-9b2f-1c55e8daef1e,CUST_0168,12.92,2025-12-26 22:23:14.923754
d31bf8fd-b1e1-4d11-a151-efb28f305e30,CUST_0145,44.28,2025-06-21 06:22:14.923754
ca86d948-f6b1-4ab5-9bb2-efe22a716b3f,CUST_0143,13.4,2025-11-06 15:29:14.923754
1555bc51-d712-4ba5-bcd4-2fadd2c317b4,CUST_0106,13.24,2025-06-20 13:36:14.923754
b6624eb6-53d2-4164-bd34-bdfde3d2072b,CUST_0015,187.75,2026-02-22 02:36:14.923754
da5344c3-dafe-49fd-9082-62b6da1c720b,CUST_0063,39.64,2025-08-03 16:03:14.923754
a37bbd5b-ce5b-489c-8513-a3f0e4de0c99,CUST_0167,36.72,2026-03-11 17:21:14.923754
384fcabc-1019-4618-a493-157ea22c305b,CUST_0013,88.46,2026-04-02 22:03:14.923754
7550b5b6-d738-43dc-a35b-0ae7cc470e49,CUST_0081,37.69,2026-05-03 05:50:14.923754
906e6146-0751-486d-8f3c-f3c0c1ef6446,CUST_0032,447.56,2026-01-05 22:29:14.923754
58c2f0e9-dcdb-4f50-b89d-5542d205d262,CUST_0137,41.55,2025-12-16 16:39:14.923754
a8c06d16-8a33-463d-b9cb-239dffdee4cd,CUST_0040,78.66,2025-10-28 23:22:14.923754
4fcf2fb4-f943-4296-b0f5-40b02d995318,CUST_0148,144.16,2025-07-12 14:04:14.923754
963db5eb-24d5-4ba3-aec6-1c58013e7a3a,CUST_0082,-271.04,2026-02-07 09:08:14.923754
f5de48e4-c857-4196-9011-10da10cc8e15,CUST_0077,26.0,2026-04-24 19:05:14.923754
80fc9ab2-3596-439c-9c75-9ebdea0df6d8,CUST_0191,35.95,2026-05-05 04:23:14.923754
94f05af9-c8f5-49ef-af85-fdb378b12a1d,CUST_0076,195.31,2025-05-21 03:06:14.923754
298533c4-d159-4220-be67-5eae5a2144c1,,122.74,2025-06-28 16:54:14.923754
334ae6c5-16ca-4992-836f-2cbdcfe387e9,CUST_0038,160.0,2025-06-06 07:33:14.923754
1d02b291-7082-4ecc-bec8-029c9042fe88,CUST_0188,13.89,2025-10-21 09:16:14.923754
020473cb-4698-4779-b56b-e90b095d0363,CUST_0071,256.72,2025-10-19 04:54:14.923754
3306ece3-ded3-49bd-b23a-9861aec21834,,-25.5,2025-08-04 01:25:14.923754
a4625d4c-30ed-46f9-a63a-3570b5319bc3,CUST_0018,-66.17,2025-12-06 10:52:14.923754
e43cbabf-e02f-4551-92c7-e04bf993cb7a,CUST_0144,47.08,2025-05-26 04:25:14.923754
c19e84eb-3c3c-449a-a20c-5a74a01ad842,CUST_0183,-22.68,2025-12-24 11:09:14.923754
594dbdb9-af6a-49d0-88e9-b7ba72200905,CUST_0039,13.3,2025-10-16 15:04:14.923754
cf00f346-5a8f-48ce-9218-27ca50f6a8e3,CUST_0196,9.55,2025-05-31 05:54:14.923754
319852ca-9dc2-4882-8746-7b09ad7b9393,CUST_0187,61.5,2026-05-03 22:08:14.923754
82bad277-f69d-414a-a391-00e9004b3e26,CUST_0089,11.88,2025-10-24 13:29:14.923754
48f62195-fa82-4a65-9336-20afb37f5976,CUST_0062,17.57,2025-07-27 06:55:14.923754
047af121-cd68-4d24-be2d-b33b89a6d8da,CUST_0141,43.9,2026-03-29 12:53:14.923754
41d5fd6e-0f15-4d2b-bf63-546176c9ff33,,3.9,2025-06-20 19:27:14.923754
34f8c8c4-0bd6-4faf-b7bc-23a756bd1e87,CUST_0081,118.98,2026-05-01 02:13:14.923754
b6503ae8-f7ba-41f8-a426-75ce99738dd7,CUST_0134,4.9,2026-04-03 14:35:14.923754
e17c2499-0587-449d-b9af-d64ba0e6e1ee,CUST_0077,50.53,2025-11-23 19:49:14.923754
c790828c-214d-415a-bbc1-f076f27a963c,CUST_0188,55.42,2025-09-11 16:13:14.923754
71879fb5-c43d-4098-a38f-63b63bb04640,CUST_0090,93.51,2026-02-08 12:52:14.923754
b3097c48-87e6-44d4-b065-b53e731047a1,CUST_0014,52.37,2025-12-04 02:22:14.923754
6e3f1c46-55bb-4ffc-a7f5-11b91419e79e,CUST_0095,410.72,2025-12-27 17:35:14.923754
38b26cb4-ffa6-497d-8c6f-525afd5d3f13,CUST_0054,67.78,2025-05-21 08:56:14.923754
a236f99e-b47e-416f-beaa-ac528a837f8e,CUST_0132,156.59,2025-09-25 12:38:14.923754
8f9eb237-704e-476f-a776-733df4c3d262,CUST_0039,26.48,2025-07-11 20:49:14.923754
ccef3af1-f6ed-4e1d-bfdb-25883896508d,CUST_0072,61.61,2025-12-26 01:40:14.923754
19c98d1f-0a37-40f0-8f30-c63ce1a7c09f,CUST_0025,256.61,2025-08-21 11:04:14.923754
2417f001-3ac0-4f88-abee-dc10edc2d499,CUST_0077,43.05,2025-06-22 13:18:14.923754
d327aa39-a708-4115-a4ce-84bb44f2f0f4,CUST_0160,66.17,2026-02-23 09:15:14.923754
4d5ae879-e7cc-4149-9c4b-27f3f3b17ee1,CUST_0187,145.6,2026-02-26 00:10:14.923754
ae1e41ea-75d3-4fc5-b136-39516abd6bd7,CUST_0191,25.99,2025-08-06 19:34:14.923754
cf95e53e-a1b1-41e1-9376-9ae4662fcd6f,CUST_0166,-6.29,2025-06-10 00:40:14.923754
a1b841d9-c789-482b-b4a4-8274f1a4f0b3,,70.5,2026-01-05 21:51:14.923754
497c85f5-fb31-4c1c-975a-615e753214ce,CUST_0053,146.74,2025-06-04 12:39:14.923754
df8b26a6-a4fe-45ec-86a1-4a7a1ec2c01e,CUST_0195,14.13,2026-05-06 17:29:14.923754
d54607ca-1bba-4ec9-a804-bd8aacccafc9,,106.72,2025-10-08 02:26:14.923754
ebf46a2f-7d48-4f54-91ea-8f6e8ca56aac,CUST_0131,107.44,2026-01-26 03:38:14.923754
b159dd66-da5f-4129-a518-0aaa52423c13,CUST_0150,5.62,2025-10-23 01:12:14.923754
1ceb483b-bfce-4923-92c7-b17c3bd999ee,CUST_0096,21.41,2026-02-19 21:35:14.923754
5e89b969-a13b-4cb7-a695-fd19f3106869,CUST_0166,36.75,2026-02-12 13:07:14.923754
be78ea08-c53f-4567-83d0-cd8f9a7d1c50,,45.62,2025-12-08 06:23:14.923754
0da20f09-8d1f-4d2b-9379-c132f74a924c,CUST_0072,-25.97,2025-10-06 18:31:14.923754
b070d682-0ed8-47b9-babe-baecadf261d2,CUST_0062,24.61,2025-08-01 12:13:14.923754
1b11ec95-d4bb-4151-91cf-35c7fca4290c,CUST_0185,290.46,2025-11-29 00:52:14.923754
805d2c01-04ca-468b-9b3c-5f785d69ffde,CUST_0006,49.03,2025-11-11 22:23:14.923754
de0cf728-9e31-4c49-b879-1f776715bd92,CUST_0032,27.25,2025-06-29 12:48:14.923754
5a679f7a-d43c-4748-a6d6-5f8d50d264bb,,-52.4,2025-12-22 11:30:14.923754
bbb08107-fb01-4139-a65f-be1e102b7ce7,CUST_0138,-93.42,2026-02-11 09:43:14.923754
d1f0315b-e352-458b-8873-555afa1d9fcb,CUST_0131,57.49,2025-12-28 07:01:14.923754
6b4413de-e66d-4db7-94f8-54301d6eaa81,CUST_0187,-44.45,2026-03-29 20:17:14.923754
158e7788-f07f-465e-b874-5a31aeda71a4,CUST_0076,-28.5,2025-09-07 23:47:14.923754
6abb9c2a-fe14-452d-b6c6-12fc22a10a97,CUST_0177,28.16,2025-07-25 08:36:14.923754
f51b58e8-93da-4a5a-9931-d5924d02e7fa,CUST_0059,-30.03,2025-12-09 05:44:14.923754
4511fad2-69c1-40ad-a4e8-47fcfee92f93,CUST_0031,76.62,2026-02-12 16:09:14.923754
6140fd06-a996-410c-99d4-86956e8ea2d7,CUST_0093,-20.2,2025-08-17 03:55:14.923754
f8082269-2d5b-45fa-8b89-26e0a6975a84,CUST_0069,80.9,2025-05-25 10:48:14.923754
8a13b3ed-091e-4af8-a1ce-db41ed4dc0fa,CUST_0190,224.3,2026-02-27 04:04:14.923754
47b878ce-5bf8-4dcd-9c2a-690d61f470d9,CUST_0052,75.62,2026-02-05 20:14:14.923754
c5e4a399-4d8b-43a8-90bc-b6354d267a05,CUST_0089,37.73,2025-08-10 06:40:14.923754
b9580ca6-7a66-4ba2-8648-6524b331c69c,CUST_0127,-14.91,2025-07-29 11:55:14.923754
f984a558-61b1-476d-ac00-56e029dfde20,CUST_0169,264.57,2025-08-02 19:45:14.923754
4d6bf86c-e789-43ba-801a-ceace2abe000,CUST_0031,16.95,2025-08-14 17:56:14.923754
36726643-a27f-434b-bd19-f98d27d19e93,CUST_0084,127.56,2025-12-02 05:55:14.923754
320e7466-3700-4192-bc3f-6a02491ffb9b,CUST_0127,103.39,2026-01-10 22:25:14.923754
699be940-774c-407f-b73d-83ab19185f1f,CUST_0150,43.09,2025-12-24 23:04:14.923754
47ddbd69-d331-4447-acc4-6e03709d6354,CUST_0132,41.97,2025-07-30 17:49:14.923754
0833be6f-66e7-4917-ac48-fb85bc3bb201,CUST_0013,8.71,2025-08-25 00:01:14.923754
044837eb-8f2c-4e80-92d4-26cc67c7e988,CUST_0045,75.95,2026-05-08 12:21:14.923754
d5a9b5b3-48d3-4cc7-afad-bb265a590978,CUST_0127,-101.49,2025-10-04 00:05:14.923754
89827994-fc38-4e3d-9da4-77593fcbc624,CUST_0170,18.37,2026-03-15 05:34:14.923754
617132a8-d3b3-4795-bda8-84afee29ae87,CUST_0114,46.72,2026-03-27 01:22:14.923754
8d6a256e-0fdc-476f-a4b8-bada31cc1118,CUST_0177,56.7,2025-05-23 03:32:14.923754
9bb569cb-7869-44fd-9bde-a746df842360,CUST_0020,97.96,2026-05-08 07:13:14.923754
1fe11091-8648-4456-b3b3-d245471d8abc,CUST_0081,54.81,2025-12-04 05:31:14.923754
a5a0d7b9-baa4-4990-8a32-5b6c7e663d5b,,10.74,2025-11-08 18:10:14.923754
3ccd798a-1871-4a72-8a17-2f2db65be6a0,CUST_0164,-32.14,2026-01-20 04:34:14.923754
39546967-1725-4c2f-9f1c-8b6e2ef27cd8,CUST_0129,68.35,2025-08-06 13:27:14.923754
f75b8798-7d63-49c8-bfc4-1f24648c30da,CUST_0143,126.66,2026-03-24 19:49:14.923754
9e957acb-1318-4f76-96ee-581e647133e5,CUST_0017,29.44,2025-05-17 07:23:14.923754
289aff4d-afc2-4b26-99bb-7eeb2063c3d6,CUST_0152,486.7,2026-05-11 11:34:14.923754
022330c0-764e-4321-885d-8c25b26030ef,CUST_0058,-8.21,2025-05-26 20:35:14.923754
0c1a9aa2-1563-49ef-a5a3-18b9b70b5b91,CUST_0072,31.07,2025-06-08 11:14:14.923754
ef7f8868-2468-4504-985d-1b0094d495ff,CUST_0109,50.25,2025-09-13 17:18:14.923754
832b4982-7d5a-4935-81f2-dd425f6a4e00,CUST_0023,44.67,2026-01-07 02:08:14.923754
e48731dc-a844-4f11-8b3e-9e7e07a921f9,CUST_0174,15.92,2025-12-21 21:16:14.923754
7288bd04-fb7a-4672-b4d2-27dfbad7eed6,CUST_0072,85.44,2025-11-13 17:07:14.923754
3f55e61d-c418-4494-bbd4-86261aba51b0,CUST_0008,79.13,2025-08-04 03:41:14.923754
39a25fcc-2a42-4918-b5bf-30b5067882d1,CUST_0059,57.28,2025-12-11 20:00:14.923754
379d2016-9d16-45ec-8c05-2bc322ce6024,CUST_0111,76.08,2026-05-01 22:04:14.923754
e2bf81d9-6161-4380-8eef-4da96c413f79,CUST_0187,35.74,2025-07-12 00:51:14.923754
736f6f94-9b60-46a8-ac90-a5073a79560c,CUST_0013,10.83,2025-12-02 16:58:14.923754
d34e7e3f-dc8f-4822-9a5d-aa21158c7ace,CUST_0167,26.67,2025-08-15 19:38:14.923754
5b493fce-d66a-4865-af4b-910af1ed0b86,CUST_0156,63.88,2026-05-02 04:35:14.923754
fec0f477-16a4-45d6-ab9a-a1353b665bda,CUST_0189,64.25,2026-03-15 18:54:14.923754
c519fd91-98fe-4c11-9f24-898de33aca69,CUST_0016,56.9,2025-06-07 18:00:14.923754
ce3879ce-010a-4502-bc73-8ebc1be791d2,CUST_0119,94.51,2025-05-18 09:43:14.923754
99aab92e-8ea9-4a26-93a4-43d6fc2a2d4a,CUST_0002,-30.53,2025-10-13 16:12:14.923754
a2fa9bbb-6416-4704-a0d3-b695886c0222,CUST_0145,56.07,2025-08-18 06:59:14.923754
a1c57edc-dae6-4972-9746-a3e1cbbdf506,CUST_0030,96.75,2026-01-19 18:57:14.923754
b627948a-b0e8-46bf-b196-9d1731193484,CUST_0103,50.15,2025-12-27 23:38:14.923754
3cb3cf20-cf85-4169-bd76-ec4c56375e77,CUST_0013,15.75,2026-01-31 05:05:14.923754
80513210-1ffd-4eb6-93d3-0025bbf1ff91,CUST_0096,20.87,2026-01-12 17:21:14.923754
c55f7605-197e-43a6-9651-72cf292a2bde,CUST_0094,125.32,2026-01-15 09:26:14.923754
a90abea7-149b-4419-a281-364adf06967f,CUST_0082,219.75,2026-01-06 16:03:14.923754
f0365974-a81e-482f-b798-417293b541aa,CUST_0013,176.85,2025-06-04 12:56:14.923754
201a3173-1da2-46bc-8a9f-d9e0e0ee6616,CUST_0171,68.87,2026-05-04 05:59:14.923754
392f1937-b603-4c31-9e2a-03815ba879f4,CUST_0094,16.39,2026-01-09 21:05:14.923754
edd40db9-c2c0-418c-ab81-039cc351d35f,CUST_0149,54.25,2025-05-28 11:25:14.923754
c6432a31-f466-42c6-9b1a-c51350ae29ac,CUST_0112,260.41,2026-03-03 03:01:14.923754
87fec18d-3495-4647-9c61-44863c2aed0f,CUST_0055,101.34,2025-06-24 20:23:14.923754
a00015e6-efb7-4adc-97ac-e218c95bcf41,CUST_0081,44.37,2025-09-02 12:19:14.923754
04afcdb8-5d2d-4e67-9cd6-df6e4db62ed8,CUST_0168,102.37,2025-12-31 17:25:14.923754
027f3976-0336-409c-be7c-b3b015f98013,CUST_0116,15.34,2025-12-31 03:40:14.923754
3ab93e8c-bd61-41b8-abff-95b464cbd419,CUST_0143,27.23,2026-04-23 23:58:14.923754
6db20110-08b9-4ee2-aee8-61a04d6630e4,CUST_0180,-18.46,2025-12-29 02:24:14.923754
2750fad3-60e7-4eb4-9503-62ed6f0802ee,CUST_0108,87.32,2025-10-25 10:46:14.923754
65220215-f635-455b-b66c-a9929a64a598,CUST_0053,111.51,2026-03-13 08:33:14.923754
6eafa121-709b-43a5-92ea-1f8ce4aae277,CUST_0128,46.81,2025-11-25 19:37:14.923754
14bf8a6a-b215-4c51-a1ec-f8f388b909e0,CUST_0180,22.81,2025-08-02 07:52:14.923754
1843a7ec-6561-4f66-9a52-773cb353af6b,CUST_0158,53.53,2026-02-04 09:53:14.923754
6377374b-b8ff-4104-ac94-fe1abe0fad60,CUST_0161,33.56,2026-05-09 22:28:14.923754
5ee0ce28-c554-4765-a297-535358f1766d,CUST_0057,24.63,2026-02-14 06:06:14.923754
9b469c4f-9b71-45b2-9ccf-debfabb58e63,CUST_0052,76.63,2025-05-15 19:43:14.923754
8eed8ea0-5ae8-4dd1-9140-ef24207a0364,,25.59,2026-02-22 09:00:14.923754
cecf2cda-c3f4-4753-a0fd-d269b91f42ad,CUST_0182,11.4,2025-11-05 02:35:14.923754
58aca8a6-71be-4527-a1dd-68c4e7d9b7e7,CUST_0111,14.24,2025-10-26 15:12:14.923754
42933330-ca65-49c5-b666-b62b3b211bc9,CUST_0001,10.99,2025-09-11 10:19:14.923754
5edc0553-57dc-47e7-8207-f3c71fd5607c,CUST_0044,69.93,2025-10-17 12:38:14.923754
bff528ca-9203-4b3c-96f0-aae5fb616b01,CUST_0075,999999.99,2025-08-30 18:13:14.923754
b96f8afd-0ff6-448e-938b-87f6f7f4b0e5,,60.37,2026-04-12 23:32:14.923754
b8943322-1bfa-46c8-8eae-5478c8f52849,CUST_0009,98.27,2026-03-03 17:49:14.923754
21a0e9db-298b-4b53-8be2-ec0f3ea8af13,CUST_0032,179.82,2026-02-22 23:18:14.923754
56b07b25-d25c-4c84-9a7e-aec1b9739568,CUST_0015,30.2,2025-06-18 04:00:14.923754
806bc4bf-c096-4a09-8a57-e397e551a9c5,CUST_0140,81.98,2026-01-14 02:56:14.923754
b5f59a27-be70-4c22-bd66-45d1a5e89e16,CUST_0185,11.25,2025-11-09 11:35:14.923754
3459bbe8-7b5c-4899-a046-229392499791,CUST_0136,216.74,2026-02-14 19:13:14.923754
54f7b0a4-0274-4007-adc5-7ad1874221a8,CUST_0072,15.72,2025-12-16 08:57:14.923754
87988b5d-b0c6-41df-bf10-9640a2354d69,CUST_0155,26.84,2025-12-17 15:52:14.923754
f41fb208-f925-4e1e-b121-fc10c5156895,CUST_0190,-30.03,2025-11-15 04:54:14.923754
e25f5b92-6d97-478f-afe5-32f37643cf14,CUST_0012,11.87,2025-11-14 13:06:14.923754
e7578c4c-5011-459d-8fc8-7334af44d53c,CUST_0065,56.41,2025-11-08 21:07:14.923754
6b5db319-0fef-4fc8-8a82-2ed67e75ebac,CUST_0107,-67.62,2026-03-04 17:46:14.923754
b42c0ed2-23d3-4140-a8f1-993aa8893d8f,CUST_0042,45.18,2025-09-17 11:15:14.923754
45c9b91b-4f4a-4c99-b8a1-81ee2d6d0acb,CUST_0190,11.7,2026-04-15 16:05:14.923754
bc43f531-1f7d-4860-a05d-1f2bf8f2f624,CUST_0115,396.78,2025-05-22 15:44:14.923754
ef4ff97e-3d08-42b2-896c-e91a03710a48,CUST_0139,94.56,2025-09-20 20:31:14.923754
fb5ab3bd-0b85-411a-9339-6d7d6a78220f,CUST_0103,760.69,2025-10-18 03:28:14.923754
d477f21d-a66f-4605-bf08-e457e9e16c91,CUST_0171,24.41,2025-08-08 12:57:14.923754
556fa77a-0522-49b8-b160-1ffd16aee639,CUST_0095,142.29,2025-11-23 21:18:14.923754
7ad4db8a-8fb9-4af0-88af-278700f8678c,,119.02,2025-12-18 08:33:14.923754
31afe4b4-2267-429a-8726-11c72751a7fb,,-40.83,2025-09-05 15:40:14.923754
76574a99-1d0d-4dfb-8789-8a16c802fdf4,CUST_0085,223.87,2025-06-09 06:10:14.923754
d679b6f1-1b4c-4a87-a4de-60fdb2edc546,CUST_0168,36.4,2026-01-01 14:35:14.923754
b9dd850c-53b1-4786-add8-8d790b6aac08,CUST_0151,38.06,2026-04-07 11:27:14.923754
f841e09d-3193-4f89-bdd4-ff268fd867a9,CUST_0056,1.7,2026-02-26 22:42:14.923754
ac8657be-4803-4ae9-af42-4398c0f761d7,CUST_0134,82.19,2026-02-25 13:37:14.923754
c0e4102b-5c32-458e-a036-0bd84c518679,CUST_0086,14.5,2025-07-06 13:28:14.923754
d2583812-9896-4821-93ee-8ba254529316,CUST_0178,31.48,2026-05-10 00:13:14.923754
7ab4acbe-ede4-4c43-87b6-e2aa647982ad,CUST_0102,19.57,2025-11-22 03:32:14.923754
e0cd5484-ba51-4d53-9c0a-ed6ba109636b,CUST_0165,37.86,2025-10-22 06:48:14.923754
16550b08-349d-4aec-abf7-357616ddf834,CUST_0192,85.1,2025-11-06 10:32:14.923754
af922948-9314-4e5a-8726-1d11ff208bec,CUST_0054,55.21,2026-01-14 10:54:14.923754
b6d07996-9310-4bb5-9d16-885c5ae15332,CUST_0200,-111.01,2026-04-03 00:01:14.923754
35e20fba-62ff-4975-b72f-4e356423424b,CUST_0177,193.57,2025-09-23 03:42:14.923754
61166fca-0fbc-4188-bb9a-885f3c3dd4b8,CUST_0115,37.76,2025-08-04 11:04:14.923754
730deb24-f36a-4acc-b1b5-76f599b26a99,CUST_0139,33.83,2026-02-17 17:08:14.923754
33a706f7-b39d-47bb-8637-b83dc96898aa,CUST_0088,-142.27,2026-04-09 22:47:14.923754
79bdc826-bcc1-41b4-b9a4-258cf35c8311,CUST_0049,154.01,2026-03-20 04:48:14.923754
01115c50-5bb5-4844-bc47-c99764a84744,CUST_0149,114.5,2025-12-13 12:24:14.923754
afe4d192-01ec-4981-960d-9d6d51ea5f89,CUST_0115,21.07,2025-07-29 04:38:14.923754
855e53a5-eae1-4f8c-80dd-2156e68138f1,CUST_0194,83.32,2026-03-25 23:12:14.923754
64953c9f-f1ee-4e95-8a8c-aed8e932eec3,CUST_0063,60.91,2025-12-24 14:58:14.923754
37c9fcc4-e670-4ea2-80ad-b710f23ff14a,CUST_0104,156.42,2025-08-24 08:58:14.923754
e26a74b5-f62b-4354-b283-406decf402b4,CUST_0083,30.79,2025-09-01 11:33:14.923754
6e172edd-ee78-461b-83be-69956c45890c,CUST_0103,10.31,2026-02-03 00:44:14.923754
6d2f685d-dcf6-4c53-a56a-39c21113b52c,CUST_0156,108.88,2026-02-20 06:11:14.923754
fa8bcb6a-9526-4f90-8afb-b74c59ad908e,CUST_0017,4.23,2025-09-08 09:28:14.923754
b0840637-6c8d-4c81-9e6f-cd7ee6b942a0,CUST_0006,26.27,2026-03-14 02:38:14.923754
fd42e340-384e-4ca9-9c78-f10daf5a3446,CUST_0147,19.63,2026-03-10 01:38:14.923754
3afc2634-f7e7-45bc-aa36-e39e8acb83a5,CUST_0184,19.49,2025-06-26 13:46:14.923754
6c544610-88fe-4d8d-b468-0da2e164c581,CUST_0028,25.82,2026-04-05 12:13:14.923754
3b7595eb-c711-4564-aa10-c5dc5e226d64,CUST_0194,-184.45,2026-05-13 09:08:14.923754
fffd62dc-6310-440e-b8ba-4dbedd885405,CUST_0038,-124.03,2025-06-04 21:06:14.923754
24983859-72a3-4c5b-8eef-314855a21100,CUST_0119,42.45,2026-04-15 13:16:14.923754
8d9f8769-6f1c-47e6-9894-f0d10489aa51,CUST_0037,169.63,2025-09-15 12:48:14.923754
084eddee-5e6a-4654-a1e4-4c55378258d2,CUST_0115,18.87,2026-03-02 09:14:14.923754
bcf1963c-0330-46d3-a148-6f6c56f01c67,CUST_0068,16.47,2026-02-09 01:44:14.923754
dd97bbb5-c164-40c1-ae36-a277a1082c7e,CUST_0177,129.49,2025-10-02 19:42:14.923754
86fa4487-885a-40da-bcda-4543cb32ea50,CUST_0043,97.48,2026-02-28 11:27:14.923754
15c59b6e-6262-46d1-a798-c6d995a75d01,CUST_0164,34.46,2025-07-05 11:50:14.923754
178314f1-c2aa-42ab-8d38-9c62ca8759e4,CUST_0058,17.54,2025-10-18 12:51:14.923754
d3fbc387-5fff-42bd-bcc9-f9699613a38b,CUST_0013,235.03,2026-03-01 05:39:14.923754
3a43f3dc-c31e-4373-8590-1d5f0057f046,CUST_0052,9.78,2025-08-28 01:53:14.923754
e6147f1e-7552-402d-980c-0ddc0b4aef41,CUST_0058,30.01,2025-10-07 00:12:14.923754
8d718e3a-d574-456d-9f32-7ccb3392fafe,CUST_0032,68.62,2025-07-30 01:49:14.923754
8a218d02-87be-479a-ac57-7542604ffb52,CUST_0105,331.02,2026-04-24 08:30:14.923754
71a43d11-5a84-473f-83bc-19d4f37543f0,CUST_0188,80.09,2026-04-30 09:33:14.923754
43e87f8b-183e-4860-a45f-003cb3076e91,CUST_0083,88.26,2025-06-22 10:54:14.923754
54fd0fe6-fedf-41a1-9a52-c377941bdf05,CUST_0186,30.9,2025-07-24 22:12:14.923754
8273ef73-6380-479d-8db6-9c2616f38af3,CUST_0099,96.4,2026-03-08 21:59:14.923754
6b0dda11-3c77-466e-82ca-1456ad045b17,CUST_0104,60.66,2025-08-06 02:17:14.923754
165eaa70-7462-4eed-90c8-b46221458c39,CUST_0184,11.15,2026-02-01 19:24:14.923754
96fbd295-aa1f-468f-9fac-a66539b0b547,CUST_0028,120.65,2025-11-02 22:08:14.923754
2a19e329-8a6c-41ec-b3b0-59b1f2420a47,CUST_0129,144.08,2026-05-11 13:22:14.923754
b0d2497e-8700-4eed-aca0-3bfccbc8077e,CUST_0170,121.92,2025-10-02 20:45:14.923754
ab288c7a-7c76-46d5-9dbe-39c072114d26,CUST_0048,-56.45,2025-09-09 18:45:14.923754
ce9b14d6-373e-4ea7-b8cb-271eaf16e853,CUST_0040,-20.99,2025-12-20 06:49:14.923754
11ed8022-73ac-4e23-880a-be5406ffe252,CUST_0097,5.42,2025-05-23 12:33:14.923754
b979b22d-dd16-4fbd-9b3a-986925a60b38,CUST_0191,63.88,2025-09-12 07:31:14.923754
95ed601a-4e69-488b-b1ee-eadbe068b153,CUST_0200,161.09,2025-10-13 14:12:14.923754
db8d3b28-f404-4ec6-a703-d1311bff2079,CUST_0114,147.75,2025-10-15 02:27:14.923754
26963d8f-2210-40a7-a2bb-f5dfcfe71814,CUST_0132,123.48,2025-07-03 21:42:14.923754
71ed01a4-d4b2-4e4b-86d2-f91ac477a037,CUST_0166,50.69,2025-08-22 04:33:14.923754
270a241f-5c82-4aad-833f-26d3f35165f6,CUST_0155,-161.98,2026-04-24 15:42:14.923754
1f2304ce-5bf8-4955-baf1-24801abd45c5,CUST_0137,137.57,2025-10-25 07:56:14.923754
2f6835dd-6fcb-4539-a3cb-39e772eabe40,CUST_0111,35.78,2026-01-11 03:10:14.923754
8de9fe9f-1e49-4039-be2e-920bebe6c4d1,CUST_0144,107.4,2025-07-02 01:07:14.923754
160f6efb-b359-46d4-8bf7-0c355f1dcbf2,CUST_0184,31.95,2025-12-25 23:18:14.923754
92cc9661-5b43-4cd9-bf85-1859dac2ba28,CUST_0076,93.69,2025-10-10 14:45:14.923754
7ac04228-9d56-44cc-9864-85c16d5f801f,CUST_0031,-14.89,2026-03-03 12:58:14.923754
a0049ae6-49ff-4493-8fff-9742c46ffce1,CUST_0119,16.08,2025-10-21 08:33:14.923754
1ad36836-3f5b-496f-93fd-df55c642124c,CUST_0142,157.31,2025-07-31 11:20:14.923754
fbc91f27-c264-4ef1-85f2-87a3073613c6,CUST_0025,139.43,2026-01-22 23:58:14.923754
07a91b47-f346-4599-89b3-2455efec17b5,CUST_0034,102.88,2026-02-01 18:41:14.923754
aef89a51-9efe-4fa5-81ca-f2617a43b5ed,CUST_0067,59.62,2026-04-02 08:17:14.923754
17f11cc3-782e-48d1-a79b-c44c540b9bd6,CUST_0152,5.0,2025-09-16 05:04:14.923754
e0a130e9-51df-46b4-bce1-0d2485e5bb0a,CUST_0118,50.66,2026-01-10 09:02:14.923754
040c1617-e985-4a15-9d51-5bb3e8fd5ee7,CUST_0073,85.99,2026-02-18 11:42:14.923754
050b0cb8-4e69-4a00-8145-50619539b561,CUST_0026,31.98,2025-07-21 04:05:14.923754
8d554f46-a71f-41b7-b334-b187ebac5be8,CUST_0148,26.78,2026-02-26 05:08:14.923754
aeae4dad-607a-4d88-a2b9-8962c9ebc56a,CUST_0192,231.46,2025-06-19 06:00:14.923754
77299820-aa36-4640-af73-a4f98e007604,CUST_0104,51.4,2026-05-02 01:26:14.923754
e8ac799c-43a3-4b93-9033-3aeff6b62b76,CUST_0010,86.04,2025-07-26 05:56:14.923754
749271b1-d411-4c66-a801-4f9a9a961b42,CUST_0067,118.41,2025-07-23 07:02:14.923754
cd7f6469-651a-45e1-84f5-701746f098f3,,20.06,2025-11-26 11:12:14.923754
601c2e65-563c-4ddf-9722-04809ef213b9,CUST_0005,66.23,2026-03-26 00:23:14.923754
b548587b-4184-45ca-b2e5-f3cb7d72b276,CUST_0195,204.31,2025-05-19 09:50:14.923754
ddc08206-191b-4f01-91b2-57021c96f9ef,CUST_0186,336.71,2025-10-21 18:31:14.923754
67d62947-1da3-4ca9-b2ed-a32129ff2134,,56.82,2025-12-30 06:13:14.923754
5e1348c9-c5dc-4f76-b38c-31ffda63c1bb,CUST_0113,43.04,2025-07-20 20:07:14.923754
90d548ff-034d-4033-9da4-387e6f965147,CUST_0015,71.45,2025-07-11 00:45:14.923754
5e215177-b0b3-45d2-b72f-f34f639ff2d2,CUST_0163,69.66,2026-04-04 23:46:14.923754
60f53937-f58d-4a4b-a3c3-fa3ceb35de1a,CUST_0105,218.49,2025-11-02 00:01:14.923754
6f7bf081-e7ab-4b59-b37e-1947a92fa521,,-20.16,2025-12-09 00:57:14.923754
b4529fcb-1be8-4c0d-9802-2fcbe7625fb5,CUST_0044,41.27,2026-02-24 17:31:14.923754
a4d34d4f-aa09-496a-bae6-af746b02da47,CUST_0026,17.87,2025-10-11 10:21:14.923754
9f112c3b-b48b-4595-93d6-8de72dd8e577,CUST_0175,19.84,2025-06-19 02:36:14.923754
90514344-7876-4cb6-a7d0-3771128ced2f,CUST_0162,79.56,2026-02-25 13:20:14.923754
6083e255-850d-4a37-988c-59ac565b4e82,CUST_0095,122.71,2026-03-21 14:05:14.923754
49edb4e8-26ce-4783-906a-f3e51a426fd7,CUST_0178,28.52,2025-10-19 20:39:14.923754
87e9f985-507b-4620-8181-c3642caa951a,,118.17,2025-05-26 14:39:14.923754
dccf538d-6f5a-45b6-bd9e-8a3ba288c61d,CUST_0140,165.93,2025-09-27 17:26:14.923754
201cf10d-58d6-46a8-a9a2-058d2ff8becf,CUST_0132,377.93,2025-10-05 10:46:14.923754
cddb48ae-7c3d-4b7a-803c-df94a50aa0c6,CUST_0087,58.54,2026-04-27 17:03:14.923754
ce97b619-7ce8-4ff0-a8dd-56081b99b19f,CUST_0176,28.8,2025-09-09 02:43:14.923754
64bbe3a2-04f3-457a-95a0-8eb401a54352,CUST_0183,20.04,2026-05-09 22:07:14.923754
2b51de41-c592-4a72-afc5-634da28aa296,CUST_0112,18.14,2026-03-31 18:43:14.923754
2b2666fc-9569-4b87-8156-6c45c42dfb18,CUST_0129,-190.52,2025-12-30 23:16:14.923754
1ef8e4c4-c2d3-4665-a082-3b313c1016c6,CUST_0089,12.0,2026-02-10 10:01:14.923754
9c3e9676-e2f3-4b44-8c6c-1c02231c1ed4,CUST_0066,184.52,2025-12-26 11:59:14.923754
cb07f4b6-59d0-4182-a023-558cd2e73b34,CUST_0158,22.91,2025-10-12 16:08:14.923754
c168175c-60fa-42eb-a938-963ff35f211f,CUST_0131,27.52,2025-07-19 06:44:14.923754
20392ca1-e0f2-42c5-b044-029e6b17fffd,CUST_0122,46.92,2026-01-27 06:24:14.923754
70375f6a-c418-4881-864f-dd0dfa8bd395,CUST_0149,27.01,2026-04-10 01:15:14.923754
f7983ff3-4128-4a18-8cd8-200c00ff3223,CUST_0084,138.65,2025-11-20 20:49:14.923754
8d45675f-a0bd-404d-90a1-2db7cd732ac4,CUST_0177,-334.74,2025-11-26 16:18:14.923754
efd63891-625d-476f-9452-530906680780,CUST_0116,-28.29,2026-01-31 00:45:14.923754
057631cd-73f4-4d0c-aa39-53451f183912,CUST_0190,35.44,2025-10-04 20:23:14.923754
d31f59a2-89d2-44b0-9bc2-70fc734e27e9,CUST_0116,46.37,2025-08-23 18:05:14.923754
6d83913d-bc4a-416b-a6ce-d56644a46fdf,CUST_0038,93.79,2025-05-26 13:12:14.923754
dfd29db4-e467-477c-ace0-4700b246bed2,CUST_0143,46.83,2025-06-25 03:41:14.923754
33805f93-04cd-486c-9cb1-ba71db117fe5,CUST_0110,218.6,2026-03-01 22:05:14.923754
ab59757a-be1d-44a8-b0c8-126e1a704d8e,CUST_0180,171.85,2025-10-19 11:29:14.923754
289b96d6-73f2-4b34-88c9-a962220c381e,CUST_0046,16.69,2025-07-20 13:30:14.923754
3126462a-d16b-496d-a87f-1366d7956e4e,CUST_0025,91.92,2025-05-28 06:38:14.923754
cdcc9c7d-a826-47ff-a04e-2f4f12eb95c1,CUST_0021,-249.72,2025-10-23 23:50:14.923754
19ed31ad-02b0-44e9-8575-2fdb96a46272,CUST_0121,33.29,2025-09-21 00:41:14.923754
89d5a61f-3330-42e3-be00-009662b6fb94,CUST_0122,40.68,2025-12-06 17:41:14.923754
52cbfdc2-eb12-4eae-bfb8-4efe998c5126,CUST_0133,-32.2,2026-01-25 07:48:14.923754
0a8571ec-dd97-40df-b256-b54c847dbacd,CUST_0070,32.88,2026-02-19 19:56:14.923754
d2a5c99e-acc6-4a3f-8703-527d2400b1f4,CUST_0113,10.29,2025-10-25 11:24:14.923754
96c952b6-04f4-445e-9a74-54155a8111a2,CUST_0107,14.46,2025-09-01 14:17:14.923754
6a5af59d-ddd8-43d4-83b3-7e2ca02f2c76,CUST_0112,59.0,2026-01-07 17:26:14.923754
88a90d10-ee4e-4bed-a9b2-609392602810,CUST_0108,248.04,2025-06-08 11:16:14.923754
b0e116b4-ec9a-4920-ac50-cb3f12667833,CUST_0047,29.57,2025-06-08 12:27:14.923754
17499bd2-f710-4d0f-a46f-10f1bbaeb4bd,CUST_0196,28.71,2025-11-03 09:55:14.923754
4e38cb72-4a54-4293-8c53-ab09f783284f,CUST_0091,299.32,2025-09-19 10:54:14.923754
1ecd70ee-fada-491e-af05-98161ea1d01e,CUST_0018,18.02,2026-04-13 17:41:14.923754
d91da009-669b-4b20-9f7f-a9c2af3e56f0,CUST_0149,10.37,2026-03-26 03:55:14.923754
48772d24-c708-4491-8133-f46c7dbe3754,CUST_0104,23.84,2026-04-28 08:25:14.923754
093ad0c0-ce07-4729-8fff-eed9fa1539a8,CUST_0151,28.14,2025-07-13 20:42:14.923754
e4c86f0d-aa09-45b4-bb9b-f3794efc87dd,,9.51,2026-02-25 16:28:14.923754
36f81ecb-5c5d-429e-a0fc-f608e74f72a7,CUST_0195,48.04,2026-02-03 23:34:14.923754
96f321b7-8ffc-4a90-b68c-fcc941936673,CUST_0040,140.96,2025-11-08 21:38:14.923754
c80708e5-2246-438b-a6a8-164f34e9d24e,CUST_0138,15.09,2025-08-05 06:58:14.923754
19129623-067d-4fff-be38-5d115f0aaadc,CUST_0089,59.6,2025-10-10 06:51:14.923754
83065228-93bf-412c-98b6-9804da093296,CUST_0180,81.12,2025-11-20 12:14:14.923754
10b56e85-583c-4a0f-a9ff-a98c9eac2b50,CUST_0200,50.23,2026-02-01 13:39:14.923754
87d0e338-b5f9-4ee2-8aea-4aa2f2e42199,CUST_0061,65.74,2026-01-20 22:27:14.923754
a975bf5a-a9d7-4025-9c7b-c2fc4d733a65,CUST_0192,66.51,2026-01-29 05:03:14.923754
7dddcd03-07ff-4c69-a1ad-24a24112f196,CUST_0005,-24.22,2026-02-11 03:02:14.923754
c7a651c8-76d7-45aa-9c70-a1b727e0fc1d,CUST_0122,244.35,2026-03-18 17:59:14.923754
2ed66196-ac4c-439a-bb2e-b2bc7f28551c,CUST_0181,190.14,2025-09-15 04:02:14.923754
8116c81c-16b5-45e4-b644-9727671cbe68,CUST_0055,179.45,2025-11-08 03:15:14.923754
9dc7c982-35f2-4de1-9254-ee310ac18fad,CUST_0037,-150.46,2025-11-21 00:30:14.923754
a8eb37a3-1a81-4f40-bfc3-e48da4bc369f,CUST_0056,-11.3,2025-10-16 19:37:14.923754
16c24e3e-6a09-4174-834b-2108782b2fef,CUST_0187,137.84,2025-12-29 19:28:14.923754
9e2dde8d-7f4d-4cd1-8e8e-4c8f5b180e10,CUST_0102,105.17,2025-11-12 23:50:14.923754
5de736a8-3d64-4c4b-976d-226fb990b6a5,CUST_0093,11.75,2026-01-15 03:38:14.923754
64037b51-2fed-4dc3-9326-8e0396a6cac1,CUST_0197,44.04,2025-10-10 07:46:14.923754
d1abe70b-01e8-458f-a03c-5b604acf3568,CUST_0073,72.01,2026-03-24 22:02:14.923754
92e1a2db-f935-445b-8876-61d80306abd3,CUST_0059,288.39,2025-07-18 10:44:14.923754
906569e9-1ce4-467e-bebb-a2ddffc5c627,CUST_0002,112.7,2026-01-11 10:44:14.923754
2691692b-dfda-4c7b-9fa4-3760c2fa7045,CUST_0193,23.0,2025-11-11 16:00:14.923754
2d6d6e34-d5f6-45dc-94f7-0fbbf09fe37c,CUST_0104,297.49,2025-11-03 01:40:14.923754
51d4b7ce-3836-4d8a-9e05-8f3c5b427414,CUST_0188,57.04,2025-11-18 08:44:14.923754
b9d6df86-b832-411e-a888-d7055be046b5,CUST_0051,42.27,2026-03-18 21:16:14.923754
875e4072-fc44-472e-993e-e2963c908b3a,CUST_0030,39.37,2026-02-20 01:57:14.923754
aa157064-616d-464c-bab1-c0efba75c08c,,10.77,2025-07-05 14:23:14.923754
6a52c9b2-4347-4ba4-807f-61f071ba3b1e,CUST_0108,48.92,2025-08-04 05:58:14.923754
1b9efab3-7453-46f0-b481-9dcecf423b94,CUST_0076,89.79,2026-01-02 17:52:14.923754
a5136519-47ee-47e1-ac55-1f029d907f7b,CUST_0167,37.14,2025-06-25 19:05:14.923754
ca64f7ae-1028-43f7-97ce-8ca8d0164b9b,CUST_0090,83.13,2025-09-04 06:40:14.923754
1c5d15e7-50d9-42f3-b243-2ba5882ee69d,CUST_0123,23.0,2025-09-11 07:04:14.923754
d205f3d8-cc7a-405c-91d9-550a1f168ead,CUST_0200,47.42,2025-09-20 00:23:14.923754
704ead60-c1bc-48d4-b2d3-ded9f4e0e394,CUST_0191,74.93,2025-06-30 22:33:14.923754
e38cff8b-8f66-47c8-b3be-63c274f5a5e5,CUST_0192,66.0,2026-01-11 05:44:14.923754
adf24d1b-f1c2-4604-83dc-885e2ef2c54b,CUST_0189,-10.96,2026-02-22 09:18:14.923754
ac2a2cca-8a48-4d42-8ff1-36a65f053bb2,CUST_0125,35.2,2026-02-28 06:22:14.923754
52281653-6f3f-4234-af05-183af753ccf5,CUST_0182,292.21,2025-12-14 06:12:14.923754
c4408897-3fce-4052-9c78-0c30b4bdf1be,CUST_0122,33.37,2025-08-01 15:23:14.923754
5f8b92a7-c928-483c-bb76-a5168af5d3cb,CUST_0094,55.47,2026-04-22 22:08:14.923754
0bd00123-dee2-40a9-b0e1-42540cd7cb14,CUST_0103,50.06,2025-07-22 09:24:14.923754
c2b339fd-29d2-4340-833d-c54f4c0737d7,CUST_0186,261.97,2025-08-09 02:31:14.923754
dbe4804e-f39a-4bc3-904a-de708dd99417,CUST_0184,198.42,2026-04-12 06:20:14.923754
dae8d6fa-84f4-43aa-b8bf-05a625bc1c6e,CUST_0162,122.43,2025-08-09 08:24:14.923754
1ccbd250-769e-4ceb-92cb-04a0a54d3f95,CUST_0031,20.63,2025-08-31 16:47:14.923754
f2740d2e-68b8-4ad5-9145-71fb7cb97bc1,CUST_0052,78.19,2025-10-13 14:28:14.923754
ddb12f5c-99f2-4093-955f-251bedba952e,CUST_0089,96.35,2025-10-09 19:03:14.923754
7882ae1c-c996-4650-a0a8-107dc74d3010,CUST_0076,27.15,2026-03-24 11:59:14.923754
2862fb92-980f-4e40-90f2-fe0d68f01439,CUST_0129,22.86,2025-09-30 17:38:14.923754
7d659be4-aca7-4d13-a86d-9f3b6728cbec,CUST_0183,300.37,2025-12-11 05:14:14.923754
1bf9f088-7d7e-4071-b40c-5a49823b8841,CUST_0022,40.41,2025-06-11 17:06:14.923754
cdca1767-bef4-4282-9414-f26a9cd19c63,CUST_0040,274.51,2026-01-30 02:53:14.923754
ae4c33ed-dfda-4bb8-87c4-1fb1e99073e1,CUST_0101,147.98,2026-05-01 05:33:14.923754
b06f975c-0f1f-4b90-96db-1505fd06ec3c,CUST_0111,82.09,2025-06-21 12:55:14.923754
f8b6b684-0b84-465c-95e5-2d96b34b6347,CUST_0129,85.84,2025-12-20 14:54:14.923754
3d785bf5-ce8f-41d2-b786-d35383282c0f,CUST_0065,13.46,2025-09-27 05:48:14.923754
1eb9a016-ab36-42b3-bf0b-282f9dd50a16,CUST_0191,67.14,2026-04-07 23:38:14.923754
dc54ea93-4802-49ac-9982-13d01366a462,CUST_0182,-225.21,2025-07-02 01:27:14.923754
7b489d92-ce5b-46aa-b2b7-e179f3aeefc3,CUST_0170,107.91,2025-07-31 07:04:14.923754
50ccf598-9c9a-4bf4-92f7-98267ff85881,CUST_0149,63.71,2025-12-17 21:13:14.923754
023e221e-f46a-4997-a209-1204b06683f3,CUST_0079,302.46,2026-02-04 18:59:14.923754
530f5e65-f606-40e4-8b5a-b07917a61122,CUST_0022,45.37,2025-10-01 05:25:14.923754
1bf376a1-6b32-438d-a8dc-26f393a3b1c5,CUST_0166,29.38,2026-02-07 18:55:14.923754
59671784-d033-4c8e-a7ee-7491a92afb3a,CUST_0099,63.68,2026-04-30 13:55:14.923754
535bb423-315f-4967-a219-0f23fbb700da,CUST_0008,117.5,2026-02-25 23:34:14.923754
c7757b39-f072-449b-972b-62870dc02969,CUST_0190,9.8,2025-05-24 12:40:14.923754
491d6705-7e0d-4ff5-929a-95c7dc30b8a3,CUST_0175,72.59,2025-11-13 06:48:14.923754
7aafd79a-1147-4576-bd5c-db104db0f53c,CUST_0017,122.77,2026-03-25 12:23:14.923754
722e0461-22e7-4ac9-ac1f-d75f3f34d9b0,CUST_0017,41.69,2025-09-05 20:15:14.923754
5fdfc046-f841-4c70-9c58-c632b3aa4cfe,CUST_0090,165.17,2025-12-13 09:55:14.923754
4106d21e-a9d9-480f-b75a-e8e002100f92,CUST_0141,-103.67,2025-11-04 15:19:14.923754
c31a1bf9-7ebe-4878-9fc6-64dabac9a8a8,CUST_0145,464.7,2025-09-13 21:02:14.923754
9d9f825d-3621-44ce-81f9-9a15cd97d5b9,CUST_0166,25.77,2026-02-06 07:10:14.923754
bbc9957b-364d-46d8-8eb0-e3bb2c978bc4,CUST_0081,125.3,2025-06-01 18:36:14.923754
d42a2c0a-0b92-44ba-ad35-7947b7de530c,CUST_0078,-19.74,2025-10-10 06:09:14.923754
abf25812-7a76-4679-a9e9-14d0f6f4a887,CUST_0173,10.86,2026-05-09 11:30:14.923754
77f7e444-a785-4d7d-b8ea-f22eab5f6af1,CUST_0006,7.13,2025-10-12 09:55:14.923754
bb42636e-2da5-4707-8eb1-d2a6ca368470,CUST_0163,93.53,2025-12-03 19:45:14.923754
14cabe85-b707-4a23-b810-83174fa06ce1,CUST_0110,65.64,2026-01-04 19:51:14.923754
b73571c1-fd54-464c-b1ec-4e6809025e40,CUST_0014,33.82,2026-02-23 10:41:14.923754
bcec0b81-b382-4f31-a796-14239c062dc3,CUST_0072,9.27,2026-01-27 18:38:14.923754
c4d72ac8-e8c1-4b0d-a3e9-9ed71f626bc1,CUST_0189,27.37,2026-02-21 15:54:14.923754
3ca5a354-a2e0-42e2-9133-0bc86e9af8e7,CUST_0143,54.82,2025-08-10 09:36:14.923754
14c5ca5e-5b2a-4c38-81a3-6bda59a5ba59,CUST_0054,120.68,2026-02-16 09:00:14.923754
97e61515-4e72-4b42-842c-f68ef2e1f6e2,CUST_0027,53.7,2025-11-18 23:19:14.923754
89bb12aa-54c9-402a-935b-b5b37c0a4ba5,,70.25,2025-05-17 19:42:14.923754
ba770cf0-d88d-4d89-8857-74a59f7bb9dc,CUST_0159,37.48,2025-06-06 05:07:14.923754
accdb2df-66c9-4d39-b40f-a35e48ee0870,CUST_0163,313.95,2026-02-19 03:10:14.923754
6c9d707f-6541-4e10-92c0-37d9a8af7e52,CUST_0060,19.72,2025-09-27 08:21:14.923754
cea132e0-9253-41e6-87a9-61b40efdebe6,CUST_0006,27.13,2025-10-05 05:24:14.923754
04cc1332-9d6f-49a1-8cf3-148d6a8f4113,CUST_0197,33.37,2026-05-13 02:26:14.923754
3c9e2d68-dc18-4796-8a40-f774c26f20fa,CUST_0058,93.94,2025-08-26 00:55:14.923754
930f2978-eb18-471e-b856-7d28c40bc77f,CUST_0049,19.32,2026-03-30 07:57:14.923754
9689c8d4-0b8f-4419-a548-a216a48f44d6,CUST_0151,-62.53,2025-05-24 19:09:14.923754
108d67c6-f914-4b2b-a048-d2849fdaab5f,CUST_0162,64.39,2025-12-31 00:04:14.923754
7f9600d3-5723-4444-8cfd-4f4f9617c53e,CUST_0026,27.27,2025-09-03 10:32:14.923754
e438e0ff-b906-4390-a5ed-76cd4d842648,CUST_0047,75.94,2025-08-08 07:49:14.923754
a8c78364-4a4e-4b05-beb2-4f5ab81324ee,CUST_0005,19.93,2026-03-24 19:35:14.923754
5d50c478-ba70-4074-934a-899a3644adf4,CUST_0020,17.87,2025-12-09 11:37:14.923754
c64db694-efbd-4692-a627-b360f338c1a4,CUST_0134,60.32,2025-09-12 00:16:14.923754
49b7c37b-f496-4857-898b-36134f885e01,CUST_0198,10.38,2025-06-03 08:39:14.923754
7bddc94e-1455-4a1c-902a-8d1b222d68ee,CUST_0059,6.39,2026-01-12 20:29:14.923754
c02f58b1-64ed-4f13-a9a9-c2a271081551,CUST_0192,-93.02,2026-03-22 17:00:14.923754
20547f09-875b-433e-af57-ed1f5f736ecd,CUST_0146,-155.86,2025-11-16 02:10:14.923754
3c97659e-5cd8-40b0-b457-7b9b5b22f7ea,CUST_0132,34.23,2025-09-23 17:33:14.923754
26ac199b-82aa-409c-a9e0-b64a00043906,CUST_0017,27.99,2025-06-07 19:58:14.923754
980b9512-70d4-4017-a5b1-a62202ebf2a5,CUST_0014,149.24,2025-10-15 03:01:14.923754
f614fd20-13cf-41d5-af62-b9b6ecb21ad4,CUST_0013,17.37,2026-03-20 06:02:14.923754
23488baa-de7f-406a-8427-565bb4e4f13e,CUST_0135,13.97,2025-12-02 04:09:14.923754
